,index,Title,Awards,Year,is_winner,Channel
0,0,the americans,Drama Series,2016,False,FX
1,1,better call saul,Drama Series,2016,False,Netflix
2,2,downton abbey,Drama Series,2016,False,PBS
3,3,game of thrones,Drama Series,2016,True,HBO
4,4,homeland,Drama Series,2016,False,Showtime
5,5,house of cards,Drama Series,2016,False,Netflix
6,6,mr. robot,Drama Series,2016,False,USA
7,7,black-ish,Comedy Series,2016,False,ABC
8,8,master of none,Comedy Series,2016,False,Netflix
9,9,modern family,Comedy Series,2016,False,ABC
10,10,silicon valley,Comedy Series,2016,False,HBO
11,11,transparent,Comedy Series,2016,False,Amazon Studios
12,12,unbreakable kimmy schmidt,Comedy Series,2016,False,Netflix
13,13,veep,Comedy Series,2016,True,HBO
14,14,homeland,"Lead Actress, Drama",2016,False,Showtime
15,15,how to get away with murder,"Lead Actress, Drama",2016,False,ABC
16,16,empire,"Lead Actress, Drama",2016,False,Fox
17,17,orphan black,"Lead Actress, Drama",2016,False,BBC
18,18,the americans,"Lead Actress, Drama",2016,False,FX
19,19,house of cards,"Lead Actress, Drama",2016,False,Netflix
20,20,bloodline,"Lead Actor, Drama",2016,False,Netflix
21,21,mr. robot,"Lead Actor, Drama",2016,False,USA
22,22,better call saul,"Lead Actor, Drama",2016,False,Netflix
23,23,the americans,"Lead Actor, Drama",2016,False,FX
24,24,ray donovan,"Lead Actor, Drama",2016,False,Showtime
25,25,house of cards,"Lead Actor, Drama",2016,False,Netflix
26,26,better call saul,"Supporting Actor, Drama",2016,False,Netflix
27,27,game of thrones,"Supporting Actor, Drama",2016,False,HBO
28,28,house of cards,"Supporting Actor, Drama",2016,False,Netflix
29,29,bloodline,"Supporting Actor, Drama",2016,False,Netflix
30,30,game of thrones,"Supporting Actor, Drama",2016,False,HBO
31,31,ray donovan,"Supporting Actor, Drama",2016,False,Showtime
32,32,downton abbey,Directing for a Drama,2016,False,PBS
33,34,game of thrones,Directing for a Drama,2016,False,HBO
34,36,game of thrones,Directing for a Drama,2016,False,HBO
35,38,homeland,Directing for a Drama,2016,False,Showtime
36,40,the knick,Directing for a Drama,2016,False,Cinemax
37,42,ray donovan,Directing for a Drama,2016,False,Showtime
38,43,game of thrones,"Supporting Actress, Drama",2016,False,HBO
39,44,game of thrones,"Supporting Actress, Drama",2016,False,HBO
40,45,downton abbey,"Supporting Actress, Drama",2016,False,PBS
41,46,the affair,"Supporting Actress, Drama",2016,False,Showtime
42,47,game of thrones,"Supporting Actress, Drama",2016,False,HBO
43,48,unreal,"Supporting Actress, Drama",2016,False,Lifetime
44,49,the americans,Writing for a Drama Series,2016,False,FX
45,50,downton abbey,Writing for a Drama Series,2016,False,PBS
46,51,game of thrones,Writing for a Drama Series,2016,False,HBO
47,52,the good wife,Writing for a Drama Series,2016,False,CBS
48,53,mr. robot,Writing for a Drama Series,2016,False,USA
49,54,unreal,Writing for a Drama Series,2016,False,Lifetime
50,55,documentary now,Variety Sketch Series,2016,False,IFC
51,56,drunk history,Variety Sketch Series,2016,False,Comedy Central
52,57,inside amy schumer,Variety Sketch Series,2016,False,Comedy Central
53,58,key & peele,Variety Sketch Series,2016,True,Comedy Central
54,59,portlandia,Variety Sketch Series,2016,False,IFC
55,60,saturday night live,Variety Sketch Series,2016,False,NBC
56,61,58th grammy awards,Directing for a Variety Special,2016,False,CBS
57,62,lemonade,Directing for a Variety Special,2016,False,HBO
58,63,grease: live!,Directing for a Variety Special,2016,True,Fox
59,64,adele live in new york city,Directing for a Variety Special,2016,False,NBC
60,65,amy schumer: live at the apollo,Directing for a Variety Special,2016,False,HBO
61,66,the kennedy center honors,Directing for a Variety Special,2016,False,CBS
62,67,comedians in cars getting coffee,Variety Talk Series,2016,False,Netflix
63,68,the late late show with james corden,Variety Talk Series,2016,False,CBS
64,69,jimmy kimmel live!,Variety Talk Series,2016,False,ABC
65,70,last week tonight with john oliver,Variety Talk Series,2016,True,HBO
66,71,real time with bill maher,Variety Talk Series,2016,False,HBO
67,72,the tonight show starring jimmy fallon,Variety Talk Series,2016,False,NBC
68,73,amy schumer: live at the apollo,Writing for a Variety Special,2016,False,HBO
69,74,john mulaney: the comeback kid,Writing for a Variety Special,2016,False,
70,75,patton oswalt: talking for clapping,Writing for a Variety Special,2016,True,Netflix
71,76,tig notaro: boyish girl interrupted,Writing for a Variety Special,2016,False,HBO
72,77,triumph’s election special 2016,Writing for a Variety Special,2016,False,Hulu
73,78,american crime,Limited Series,2016,False,ABC
74,79,fargo,Limited Series,2016,False,FX
75,80,the night manager,Limited Series,2016,False,AMC
76,81,the people v. o.j. simpson: american crime story,Limited Series,2016,True,FX
77,82,roots,Limited Series,2016,False,A&E
78,83,a very murray christmas,TV Movie,2016,False,Netflix
79,84,all the way,TV Movie,2016,False,HBO
80,85,confirmation,TV Movie,2016,False,HBO
81,86,luther,TV Movie,2016,False,BBC
82,87,sherlock: the abominable bride,TV Movie,2016,True,
83,88,all the way,"Lead Actor, TV Movie/Limited Series",2016,False,HBO
84,89,sherlock: the abominable bride,"Lead Actor, TV Movie/Limited Series",2016,False,
85,90,luther,"Lead Actor, TV Movie/Limited Series",2016,False,BBC
86,91,the people v. o.j. simpson: american crime story,"Lead Actor, TV Movie/Limited Series",2016,False,FX
87,92,the night manager,"Lead Actor, TV Movie/Limited Series",2016,False,AMC
88,93,the people v. o.j. simpson: american crime story,"Lead Actor, TV Movie/Limited Series",2016,False,FX
89,94,fargo,"Lead Actress, TV Movie/Limited Series",2016,False,FX
90,95,american crime,"Lead Actress, TV Movie/Limited Series",2016,False,ABC
91,96,lady day at emerson’s bar and grill,"Lead Actress, TV Movie/Limited Series",2016,False,HBO
92,97,american crime,"Lead Actress, TV Movie/Limited Series",2016,False,ABC
93,98,the people v. o.j. simpson: american crime story,"Lead Actress, TV Movie/Limited Series",2016,False,FX
94,99,confirmation,"Lead Actress, TV Movie/Limited Series",2016,False,HBO
95,100,the people v. o.j. simpson: american crime story,"Supporting Actor, TV Movie/Limited Series",2016,False,FX
96,101,the night manager,"Supporting Actor, TV Movie/Limited Series",2016,False,AMC
97,102,fargo,"Supporting Actor, TV Movie/Limited Series",2016,False,FX
98,103,the people v. o.j. simpson: american crime story,"Supporting Actor, TV Movie/Limited Series",2016,False,FX
99,104,the people v. o.j. simpson: american crime story,"Supporting Actor, TV Movie/Limited Series",2016,False,FX
100,105,fargo,"Supporting Actor, TV Movie/Limited Series",2016,False,FX
101,106,all the way,Directing for a TV Movie/Limited Series,2016,False,HBO
102,107,fargo,Directing for a TV Movie/Limited Series,2016,False,FX
103,108,the night manager,Directing for a TV Movie/Limited Series,2016,False,AMC
104,109,the people v. o.j. simpson: american crime story,Directing for a TV Movie/Limited Series,2016,False,FX
105,110,the people v. o.j. simpson: american crime story,Directing for a TV Movie/Limited Series,2016,False,FX
106,111,the people v. o.j. simpson: american crime story,Directing for a TV Movie/Limited Series,2016,False,FX
107,112,american horror story: hotel,"Supporting Actress, TV Movie/Limited Series",2016,False,
108,113,the night manager,"Supporting Actress, TV Movie/Limited Series",2016,False,AMC
109,114,american crime,"Supporting Actress, TV Movie/Limited Series",2016,False,ABC
110,115,all the way,"Supporting Actress, TV Movie/Limited Series",2016,False,HBO
111,116,american horror story: hotel,"Supporting Actress, TV Movie/Limited Series",2016,False,
112,117,fargo,"Supporting Actress, TV Movie/Limited Series",2016,False,FX
113,118,fargo,Writing for a TV Movie/Limited Series,2016,False,FX
114,119,fargo,Writing for a TV Movie/Limited Series,2016,False,FX
115,120,the night manager,Writing for a TV Movie/Limited Series,2016,False,AMC
116,121,the people v. o.j. simpson: american crime story,Writing for a TV Movie/Limited Series,2016,False,FX
117,122,the people v. o.j. simpson: american crime story,Writing for a TV Movie/Limited Series,2016,False,FX
118,123,the people v. o.j. simpson: american crime story,Writing for a TV Movie/Limited Series,2016,False,FX
119,124,the amazing race,Reality Competition Series,2016,False,CBS
120,125,american ninja warrior,Reality Competition Series,2016,False,NBC
121,126,dancing with the stars,Reality Competition Series,2016,False,ABC
122,127,project runway,Reality Competition Series,2016,False,Lifetime
123,128,top chef,Reality Competition Series,2016,False,Bravo
124,129,the voice,Reality Competition Series,2016,True,NBC
125,130,black-ish,"Lead Actor, Comedy",2016,False,ABC
126,131,master of none,"Lead Actor, Comedy",2016,False,Netflix
127,132,the last man on earth,"Lead Actor, Comedy",2016,False,Fox
128,133,shameless,"Lead Actor, Comedy",2016,False,Showtime
129,134,silicon valley,"Lead Actor, Comedy",2016,False,HBO
130,135,transparent,"Lead Actor, Comedy",2016,False,Amazon Studios
131,136,unbreakable kimmy schmidt,"Lead Actress, Comedy",2016,False,Netflix
132,137,veep,"Lead Actress, Comedy",2016,False,HBO
133,138,getting on,"Lead Actress, Comedy",2016,False,HBO
134,139,black-ish,"Lead Actress, Comedy",2016,False,ABC
135,140,inside amy schumer,"Lead Actress, Comedy",2016,False,Comedy Central
136,141,grace and frankie,"Lead Actress, Comedy",2016,False,Netflix
137,142,master of none,Directing for a Comedy Series,2016,False,Netflix
138,143,silicon valley,Directing for a Comedy Series,2016,False,HBO
139,144,silicon valley,Directing for a Comedy Series,2016,False,HBO
140,145,transparent,Directing for a Comedy Series,2016,False,Amazon Studios
141,146,veep,Directing for a Comedy Series,2016,False,HBO
142,147,veep,Directing for a Comedy Series,2016,False,HBO
143,148,veep,Directing for a Comedy Series,2016,False,HBO
144,149,veep,"Supporting Actress, Comedy",2016,False,HBO
145,150,transparent,"Supporting Actress, Comedy",2016,False,Amazon Studios
146,151,mom,"Supporting Actress, Comedy",2016,False,CBS
147,152,transparent,"Supporting Actress, Comedy",2016,False,Amazon Studios
148,153,saturday night live,"Supporting Actress, Comedy",2016,False,NBC
149,154,getting on,"Supporting Actress, Comedy",2016,False,HBO
150,155,catastrophe,Writing for a Comedy Series,2016,False,Amazon Studios
151,157,master of none,Writing for a Comedy Series,2016,False,Netflix
152,158,silicon valley,Writing for a Comedy Series,2016,False,HBO
153,159,silicon valley,Writing for a Comedy Series,2016,False,HBO
154,160,veep,Writing for a Comedy Series,2016,False,HBO
155,161,veep,Writing for a Comedy Series,2016,False,HBO
156,162,baskets,"Supporting Actor, Comedy",2016,False,FX
157,163,brooklyn nine-nine,"Supporting Actor, Comedy",2016,False,NBC
158,164,unbreakable kimmy schmidt,"Supporting Actor, Comedy",2016,False,Netflix
159,165,modern family,"Supporting Actor, Comedy",2016,False,ABC
160,166,veep,"Supporting Actor, Comedy",2016,False,HBO
161,167,key & peele,"Supporting Actor, Comedy",2016,False,Comedy Central
162,168,veep,"Supporting Actor, Comedy",2016,False,HBO
163,0,better call saul,Drama Series,2017,False,Netflix
164,1,the crown,Drama Series,2017,False,Netflix
165,2,the handmaid’s tale,Drama Series,2017,True,
166,3,house of cards,Drama Series,2017,False,Netflix
167,4,stranger things,Drama Series,2017,False,Netflix
168,5,this is us,Drama Series,2017,False,ABC
169,6,westworld,Drama Series,2017,False,HBO
170,7,how to get away with murder,"Lead Actress, Drama",2017,False,ABC
171,8,the crown,"Lead Actress, Drama",2017,False,Netflix
172,9,the handmaid’s tale,"Lead Actress, Drama",2017,True,
173,10,the americans,"Lead Actress, Drama",2017,False,FX
174,11,westworld,"Lead Actress, Drama",2017,False,HBO
175,12,house of cards,"Lead Actress, Drama",2017,False,Netflix
176,13,this is us,"Lead Actor, Drama",2017,True,ABC
177,14,westworld,"Lead Actor, Drama",2017,False,HBO
178,15,better call saul,"Lead Actor, Drama",2017,False,Netflix
179,16,the americans,"Lead Actor, Drama",2017,False,FX
180,17,ray donovan,"Lead Actor, Drama",2017,False,Showtime
181,18,house of cards,"Lead Actor, Drama",2017,False,Netflix
182,19,this is us,"Lead Actor, Drama",2017,False,ABC
183,20,big little lies,Limited Series,2017,False,HBO
184,21,fargo,Limited Series,2017,False,FX
185,22,feud: bette and joan,Limited Series,2017,False,FX
186,23,genius,Limited Series,2017,False,National Geographic
187,24,the night of,Limited Series,2017,False,HBO
188,25,black mirror:,TV Movie,2017,True,
189,26,dolly parton’s christmas of many colors,TV Movie,2017,False,NBC
190,27,the immortal life of henrietta lacks,TV Movie,2017,False,HBO
191,28,sherlock:,TV Movie,2017,False,
192,29,the wizard of lies,TV Movie,2017,False,HBO
193,30,fargo,"Lead Actress, TV Movie/Limited Series",2017,False,FX
194,31,american crime,"Lead Actress, TV Movie/Limited Series",2017,False,ABC
195,32,big little lies,"Lead Actress, TV Movie/Limited Series",2017,True,HBO
196,33,feud: bette and joan,"Lead Actress, TV Movie/Limited Series",2017,False,FX
197,34,feud: bette and joan,"Lead Actress, TV Movie/Limited Series",2017,False,FX
198,35,big little lies,"Lead Actress, TV Movie/Limited Series",2017,False,HBO
199,36,the night of,"Lead Actor, TV Movie/Limited Series",2017,True,HBO
200,37,sherlock:,"Lead Actor, TV Movie/Limited Series",2017,False,
201,38,the wizard of lies,"Lead Actor, TV Movie/Limited Series",2017,False,HBO
202,39,fargo,"Lead Actor, TV Movie/Limited Series",2017,False,FX
203,40,genius,"Lead Actor, TV Movie/Limited Series",2017,False,National Geographic
204,41,the night of,"Lead Actor, TV Movie/Limited Series",2017,False,HBO
205,42,atlanta,Comedy Series,2017,False,FX
206,43,black-ish,Comedy Series,2017,False,ABC
207,44,master of none,Comedy Series,2017,False,Netflix
208,45,modern family,Comedy Series,2017,False,ABC
209,46,silicon valley,Comedy Series,2017,False,HBO
210,47,unbreakable kimmy schmidt,Comedy Series,2017,False,Netflix
211,48,veep,Comedy Series,2017,True,HBO
212,49,better things,"Lead Actress, Comedy",2017,False,FX
213,50,grace and frankie,"Lead Actress, Comedy",2017,False,Netflix
214,51,mom,"Lead Actress, Comedy",2017,False,CBS
215,52,unbreakable kimmy schmidt,"Lead Actress, Comedy",2017,False,Netflix
216,53,veep,"Lead Actress, Comedy",2017,True,HBO
217,54,black-ish,"Lead Actress, Comedy",2017,False,ABC
218,55,grace and frankie,"Lead Actress, Comedy",2017,False,Netflix
219,56,black-ish,"Lead Actor, Comedy",2017,False,ABC
220,57,master of none,"Lead Actor, Comedy",2017,False,Netflix
221,58,baskets,"Lead Actor, Comedy",2017,False,FX
222,59,atlanta,"Lead Actor, Comedy",2017,True,FX
223,60,shameless,"Lead Actor, Comedy",2017,False,Showtime
224,61,transparent,"Lead Actor, Comedy",2017,False,Amazon Studios
225,62,full frontal with samantha bee,Variety Talk Series,2017,False,TBS
226,63,jimmy kimmel live!,Variety Talk Series,2017,False,ABC
227,64,last week tonight with john oliver,Variety Talk Series,2017,True,HBO
228,65,the late late show with james corden,Variety Talk Series,2017,False,CBS
229,66,the late show with stephen colbert,Variety Talk Series,2017,False,CBS
230,67,real time with bill maher,Variety Talk Series,2017,False,HBO
231,68,drunk history,Directing for a Variety Special,2017,False,Comedy Central
232,69,jimmy kimmel live!,Directing for a Variety Special,2017,False,ABC
233,70,last week tonight with john oliver,Directing for a Variety Special,2017,False,HBO
234,71,the late show with stephen colbert,Directing for a Variety Special,2017,False,CBS
235,72,saturday night live,Directing for a Variety Special,2017,True,NBC
236,73,big little lies,Writing for a TV Movie/Limited Series,2017,False,HBO
237,74,black mirror: san junipero,Writing for a TV Movie/Limited Series,2017,True,
238,75,fargo,Writing for a TV Movie/Limited Series,2017,False,FX
239,76,feud: bette and joan,Writing for a TV Movie/Limited Series,2017,False,FX
240,77,feud: bette and joan,Writing for a TV Movie/Limited Series,2017,False,FX
241,78,the night of,Writing for a TV Movie/Limited Series,2017,False,HBO
242,79,better call saul,Directing for a Drama,2017,False,Netflix
243,80,the crown,Directing for a Drama,2017,False,Netflix
244,81,the handmaid’s tale,Directing for a Drama,2017,True,
245,82,the handmaid’s tale,Directing for a Drama,2017,False,
246,83,homeland,Directing for a Drama,2017,False,Showtime
247,84,stranger things,Directing for a Drama,2017,False,Netflix
248,85,westworld,Directing for a Drama,2017,False,HBO
249,86,the amazing race,Reality Competition Series,2017,False,CBS
250,87,american ninja warrior,Reality Competition Series,2017,False,NBC
251,88,project runway,Reality Competition Series,2017,False,Lifetime
252,89,rupaul’s drag race,Reality Competition Series,2017,False,
253,90,top chef,Reality Competition Series,2017,False,Bravo
254,91,the voice,Reality Competition Series,2017,True,NBC
255,92,atlanta,Writing for a Comedy Series,2017,False,FX
256,93,atlanta,Writing for a Comedy Series,2017,False,FX
257,94,master of none,Writing for a Comedy Series,2017,True,Netflix
258,95,silicon valley,Writing for a Comedy Series,2017,False,HBO
259,96,veep,Writing for a Comedy Series,2017,False,HBO
260,97,veep,Writing for a Comedy Series,2017,False,HBO
261,98,orange is the new black,"Supporting Actress, Drama",2017,False,Netflix
262,99,stranger things,"Supporting Actress, Drama",2017,False,Netflix
263,100,the handmaid’s tale,"Supporting Actress, Drama",2017,False,
264,101,this is us,"Supporting Actress, Drama",2017,False,ABC
265,102,westworld,"Supporting Actress, Drama",2017,False,HBO
266,103,the handmaid’s tale,"Supporting Actress, Drama",2017,True,
267,104,full frontal with samantha bee,Writing for a Variety Special,2017,False,TBS
268,105,last week tonight with john oliver,Writing for a Variety Special,2017,True,HBO
269,106,late night with seth meyers,Writing for a Variety Special,2017,False,NBC
270,107,the late show with stephen colbert,Writing for a Variety Special,2017,False,CBS
271,108,saturday night live,Writing for a Variety Special,2017,False,NBC
272,109,the night of,"Supporting Actor, TV Movie/Limited Series",2017,False,HBO
273,110,feud: bette and joan,"Supporting Actor, TV Movie/Limited Series",2017,False,FX
274,111,big little lies,"Supporting Actor, TV Movie/Limited Series",2017,True,HBO
275,112,fargo,"Supporting Actor, TV Movie/Limited Series",2017,False,FX
276,113,feud: bette and joan,"Supporting Actor, TV Movie/Limited Series",2017,False,FX
277,114,the night of,"Supporting Actor, TV Movie/Limited Series",2017,False,HBO
278,115,big little lies,Directing for a TV Movie/Limited Series,2017,True,HBO
279,116,fargo,Directing for a TV Movie/Limited Series,2017,False,FX
280,117,feud: bette and joan,Directing for a TV Movie/Limited Series,2017,False,FX
281,118,genius,Directing for a TV Movie/Limited Series,2017,False,National Geographic
282,119,the night of,Directing for a TV Movie/Limited Series,2017,False,HBO
283,120,the night of,Directing for a TV Movie/Limited Series,2017,False,HBO
284,121,baskets,"Supporting Actor, Comedy",2017,False,FX
285,122,saturday night live,"Supporting Actor, Comedy",2017,True,NBC
286,123,unbreakable kimmy schmidt,"Supporting Actor, Comedy",2017,False,Netflix
287,124,modern family,"Supporting Actor, Comedy",2017,False,ABC
288,125,veep,"Supporting Actor, Comedy",2017,False,HBO
289,126,veep,"Supporting Actor, Comedy",2017,False,HBO
290,127,the americans,Writing for a Drama Series,2017,False,FX
291,128,better call saul,Writing for a Drama Series,2017,False,Netflix
292,129,the crown,Writing for a Drama Series,2017,False,Netflix
293,130,the handmaid’s tale,Writing for a Drama Series,2017,True,
294,131,stranger things,Writing for a Drama Series,2017,False,Netflix
295,132,westworld,Writing for a Drama Series,2017,False,HBO
296,133,billy on the street,Variety Sketch Series,2017,False,truTV
297,134,documentary now!,Variety Sketch Series,2017,False,IFC
298,135,drunk history,Variety Sketch Series,2017,False,Comedy Central
299,136,portlandia,Variety Sketch Series,2017,False,IFC
300,137,saturday night live,Variety Sketch Series,2017,True,NBC
301,138,tracy ullman’s show,Variety Sketch Series,2017,False,
302,139,atlanta,Directing for a Comedy Series,2017,True,FX
303,140,silicon valley,Directing for a Comedy Series,2017,False,HBO
304,141,veep,Directing for a Comedy Series,2017,False,HBO
305,142,veep,Directing for a Comedy Series,2017,False,HBO
306,143,veep,Directing for a Comedy Series,2017,False,HBO
307,144,feud: bette and joan,"Supporting Actress, TV Movie/Limited Series",2017,False,FX
308,145,big little lies,"Supporting Actress, TV Movie/Limited Series",2017,True,HBO
309,146,feud: bette and joan,"Supporting Actress, TV Movie/Limited Series",2017,False,FX
310,147,american crime,"Supporting Actress, TV Movie/Limited Series",2017,False,ABC
311,148,the wizard of lies,"Supporting Actress, TV Movie/Limited Series",2017,False,HBO
312,149,big little lies,"Supporting Actress, TV Movie/Limited Series",2017,False,HBO
313,150,saturday night live,"Supporting Actress, Comedy",2017,False,NBC
314,151,veep,"Supporting Actress, Comedy",2017,False,HBO
315,152,transparent,"Supporting Actress, Comedy",2017,False,Amazon Studios
316,153,saturday night live,"Supporting Actress, Comedy",2017,False,NBC
317,154,transparent,"Supporting Actress, Comedy",2017,False,Amazon Studios
318,155,saturday night live,"Supporting Actress, Comedy",2017,True,NBC
319,156,better call saul,"Supporting Actor, Drama",2017,False,Netflix
320,157,this is us,"Supporting Actor, Drama",2017,False,ABC
321,158,stranger things,"Supporting Actor, Drama",2017,False,Netflix
322,159,house of cards,"Supporting Actor, Drama",2017,False,Netflix
323,160,the crown,"Supporting Actor, Drama",2017,True,Netflix
324,161,homeland,"Supporting Actor, Drama",2017,False,Showtime
325,162,westworld,"Supporting Actor, Drama",2017,False,HBO
326,0,the americans,Drama Series,2018,False,FX
327,1,the crown,Drama Series,2018,False,Netflix
328,2,game of thrones,Drama Series,2018,True,HBO
329,3,the handmaid’s tale,Drama Series,2018,False,
330,4,stranger things,Drama Series,2018,False,Netflix
331,5,this is us,Drama Series,2018,False,ABC
332,6,estworld,Drama Series,2018,False,
333,7,atlanta,Comedy Series,2018,False,FX
334,8,barry,Comedy Series,2018,False,HBO
335,9,black-ish,Comedy Series,2018,False,ABC
336,10,curb your enthusiasm,Comedy Series,2018,False,HBO
337,11,glow,Comedy Series,2018,False,Netflix
338,12,the marvelous mrs. maisel,Comedy Series,2018,True,
339,13,silicon valley,Comedy Series,2018,False,HBO
340,14,unbreakable kimmy schmidt,Comedy Series,2018,False,Netflix
341,15,the alienist,Limited Series,2018,False,TNT
342,16,the assassination of gianni versace: american crime story,Limited Series,2018,True,
343,17,genius: picasso,Limited Series,2018,False,
344,18,godless,Limited Series,2018,False,Netflix
345,19,patrick melrose,Limited Series,2018,False,Showtime
346,20,the daily show with trevor noah,Variety Talk Series,2018,False,Comedy Central
347,21,full frontal with samantha bee,Variety Talk Series,2018,False,TBS
348,22,jimmy kimmel live!,Variety Talk Series,2018,False,ABC
349,23,last week tonight with john oliver,Variety Talk Series,2018,True,HBO
350,24,the late late show with james corden,Variety Talk Series,2018,False,CBS
351,25,the late show with stephen colbert,Variety Talk Series,2018,False,CBS
352,26,at home with amy sedaris,Variety Sketch Series,2018,False,truTV
353,27,drunk history,Variety Sketch Series,2018,False,Comedy Central
354,28,love you america,Variety Sketch Series,2018,False,Hulu
355,29,portlandia,Variety Sketch Series,2018,False,IFC
356,30,saturday night live,Variety Sketch Series,2018,True,NBC
357,31,tracey ullman’s show,Variety Sketch Series,2018,False,
358,32,the amazing race,Reality Competition Series,2018,False,CBS
359,33,american ninja warrior,Reality Competition Series,2018,False,NBC
360,34,project runway,Reality Competition Series,2018,False,Lifetime
361,35,upaul’s drag race,Reality Competition Series,2018,True,
362,36,top chef,Reality Competition Series,2018,False,Bravo
363,37,the voice,Reality Competition Series,2018,False,NBC
364,38,the crown,"Lead Actress, Drama",2018,True,Netflix
365,39,orphan black,"Lead Actress, Drama",2018,False,BBC
366,40,the handmaid’s tale,"Lead Actress, Drama",2018,False,
367,41,killing eve,"Lead Actress, Drama",2018,False,BBC
368,42,the americans,"Lead Actress, Drama",2018,False,FX
369,43,estworld,"Lead Actress, Drama",2018,False,
370,44,ozark,"Lead Actor, Drama",2018,False,Netflix
371,45,this is us,"Lead Actor, Drama",2018,False,ABC
372,46,estworld,"Lead Actor, Drama",2018,False,
373,47,the americans,"Lead Actor, Drama",2018,True,FX
374,48,this is us,"Lead Actor, Drama",2018,False,ABC
375,49,estworld,"Lead Actor, Drama",2018,False,
376,50,game of thrones,Directing for a Drama,2018,False,HBO
377,51,game of thrones,Directing for a Drama,2018,False,HBO
378,52,ozark,Directing for a Drama,2018,False,Netflix
379,53,ozark,Directing for a Drama,2018,False,Netflix
380,54,stranger things,Directing for a Drama,2018,False,Netflix
381,55,the crown,Directing for a Drama,2018,True,Netflix
382,56,the handmaid’s tale,Directing for a Drama,2018,False,
383,57,game of thrones,Writing for a Drama Series,2018,False,HBO
384,58,killing eve,Writing for a Drama Series,2018,False,BBC
385,59,stranger things,Writing for a Drama Series,2018,False,Netflix
386,60,the americans,Writing for a Drama Series,2018,True,FX
387,61,the crown,Writing for a Drama Series,2018,False,Netflix
388,62,the handmaid’s tale,Writing for a Drama Series,2018,False,
389,63,the handmaid’s tale,"Supporting Actress, Drama",2018,False,
390,64,stranger things,"Supporting Actress, Drama",2018,False,Netflix
391,65,the handmaid’s tale,"Supporting Actress, Drama",2018,False,
392,66,game of thrones,"Supporting Actress, Drama",2018,False,HBO
393,67,the crown,"Supporting Actress, Drama",2018,False,Netflix
394,68,estworld,"Supporting Actress, Drama",2018,True,
395,69,the handmaid’s tale,"Supporting Actress, Drama",2018,False,
396,70,game of thrones,"Supporting Actor, Drama",2018,False,HBO
397,71,game of thrones,"Supporting Actor, Drama",2018,True,HBO
398,72,the handmaid’s tale,"Supporting Actor, Drama",2018,False,
399,73,stranger things,"Supporting Actor, Drama",2018,False,Netflix
400,74,homeland,"Supporting Actor, Drama",2018,False,Showtime
401,75,the crown,"Supporting Actor, Drama",2018,False,Netflix
402,76,dave chappelle: equanimity,Directing for a Variety Special,2018,False,Netflix
403,77,jerry seinfeld: jerry before seinfeld,Directing for a Variety Special,2018,False,Netflix
404,78,steve martin & martin short: an evening you will forget for the rest of your life,Directing for a Variety Special,2018,False,
405,79,super bowl lii halftime show starring justin timberlake,Directing for a Variety Special,2018,False,
406,80,the oscars,Directing for a Variety Special,2018,True,ABC
407,81,full frontal with samantha bee presents: the great american,Writing for a Variety Special,2018,False,
408,82,john mulaney: kid gorgeous at radio city,Writing for a Variety Special,2018,True,
409,83,michelle wolf: nice lady,Writing for a Variety Special,2018,False,HBO
410,84,patton oswalt: annihilation,Writing for a Variety Special,2018,False,Netflix
411,85,steve martin & martin short: an evening you will forget for the rest of your life,Writing for a Variety Special,2018,False,
412,86,genius: picasso,"Lead Actor, TV Movie/Limited Series",2018,False,
413,87,the assassination of gianni versace: american crime story,"Lead Actor, TV Movie/Limited Series",2018,True,
414,88,patrick melrose,"Lead Actor, TV Movie/Limited Series",2018,False,Showtime
415,89,the looming tower,"Lead Actor, TV Movie/Limited Series",2018,False,Hulu
416,90,jesus christ superstar live in concert,"Lead Actor, TV Movie/Limited Series",2018,False,NBC
417,91,u.s.s. callister (black mirror),"Lead Actor, TV Movie/Limited Series",2018,False,
418,92,the sinner,"Lead Actress, TV Movie/Limited Series",2018,False,USA
419,93,the tale,"Lead Actress, TV Movie/Limited Series",2018,False,HBO
420,94,godless,"Lead Actress, TV Movie/Limited Series",2018,False,Netflix
421,95,law & order true crime: the menendez murders,"Lead Actress, TV Movie/Limited Series",2018,False,NBC
422,96,seven seconds,"Lead Actress, TV Movie/Limited Series",2018,True,Netflix
423,97,american horror story: cult,"Lead Actress, TV Movie/Limited Series",2018,False,
424,98,godless,Directing for a TV Movie/Limited Series,2018,False,Netflix
425,99,jesus christ superstar live in concert,Directing for a TV Movie/Limited Series,2018,False,NBC
426,100,paterno,Directing for a TV Movie/Limited Series,2018,False,HBO
427,101,twin peaks,Directing for a TV Movie/Limited Series,2018,False,Showtime
428,102,patrick melrose,Directing for a TV Movie/Limited Series,2018,False,Showtime
429,103,the assassination of gianni versace: american crime story,Directing for a TV Movie/Limited Series,2018,True,
430,104,the looming tower,Directing for a TV Movie/Limited Series,2018,False,Hulu
431,105,american vandal,Writing for a TV Movie/Limited Series,2018,False,Netflix
432,106,godless,Writing for a TV Movie/Limited Series,2018,False,Netflix
433,107,patrick melrose,Writing for a TV Movie/Limited Series,2018,False,Showtime
434,108,the assassination of gianni versace: american crime story,Writing for a TV Movie/Limited Series,2018,False,
435,109,twin peaks,Writing for a TV Movie/Limited Series,2018,False,Showtime
436,110,u.s.s. callister (black mirror),Writing for a TV Movie/Limited Series,2018,True,
437,111,godless,"Supporting Actor, TV Movie/Limited Series",2018,True,Netflix
438,112,jesus christ superstar live in concert,"Supporting Actor, TV Movie/Limited Series",2018,False,NBC
439,113,aco,"Supporting Actor, TV Movie/Limited Series",2018,False,
440,114,the assassination of gianni versace: american crime story,"Supporting Actor, TV Movie/Limited Series",2018,False,
441,115,the assassination of gianni versace: american crime story,"Supporting Actor, TV Movie/Limited Series",2018,False,
442,116,the looming tower,"Supporting Actor, TV Movie/Limited Series",2018,False,Hulu
443,117,the assassination of gianni versace: american crime story,"Supporting Actor, TV Movie/Limited Series",2018,False,
444,118,jesus christ superstar live in concert,"Supporting Actress, TV Movie/Limited Series",2018,False,NBC
445,119,the assassination of gianni versace: american crime story,"Supporting Actress, TV Movie/Limited Series",2018,False,
446,120,the assassination of gianni versace: american crime story,"Supporting Actress, TV Movie/Limited Series",2018,False,
447,121,american horror story: cult,"Supporting Actress, TV Movie/Limited Series",2018,False,
448,122,godless,"Supporting Actress, TV Movie/Limited Series",2018,True,Netflix
449,123,black museum (black mirror),"Supporting Actress, TV Movie/Limited Series",2018,False,
450,124,black-ish,"Lead Actor, Comedy",2018,False,ABC
451,125,the good place,"Lead Actor, Comedy",2018,False,NBC
452,126,curb your enthusiasm,"Lead Actor, Comedy",2018,False,HBO
453,127,atlanta,"Lead Actor, Comedy",2018,False,FX
454,128,barry,"Lead Actor, Comedy",2018,True,HBO
455,129,shameless,"Lead Actor, Comedy",2018,False,Showtime
456,130,better things,"Lead Actress, Comedy",2018,False,FX
457,131,the marvelous mrs. maisel,"Lead Actress, Comedy",2018,True,
458,132,mom,"Lead Actress, Comedy",2018,False,CBS
459,133,nsecure,"Lead Actress, Comedy",2018,False,
460,134,black-ish,"Lead Actress, Comedy",2018,False,ABC
461,135,grace and frankie,"Lead Actress, Comedy",2018,False,Netflix
462,136,atlanta,Directing for a Comedy Series,2018,False,FX
463,137,atlanta,Directing for a Comedy Series,2018,False,FX
464,138,barry,Directing for a Comedy Series,2018,False,HBO
465,139,glow,Directing for a Comedy Series,2018,False,Netflix
466,140,silicon valley,Directing for a Comedy Series,2018,False,HBO
467,141,the marvelous mrs. maisel,Directing for a Comedy Series,2018,True,
468,142,the big bang theory,Directing for a Comedy Series,2018,False,CBS
469,143,atlanta,Writing for a Comedy Series,2018,False,FX
470,144,atlanta,Writing for a Comedy Series,2018,False,FX
471,145,barry,Writing for a Comedy Series,2018,False,HBO
472,146,barry,Writing for a Comedy Series,2018,False,HBO
473,147,silicon valley,Writing for a Comedy Series,2018,False,HBO
474,148,the marvelous mrs. maisel,Writing for a Comedy Series,2018,True,
475,149,atlanta,"Supporting Actress, Comedy",2018,False,FX
476,150,the marvelous  mrs. maisel,"Supporting Actress, Comedy",2018,True,
477,151,saturday night live,"Supporting Actress, Comedy",2018,False,NBC
478,152,glow,"Supporting Actress, Comedy",2018,False,Netflix
479,153,saturday night live,"Supporting Actress, Comedy",2018,False,NBC
480,154,saturday night live,"Supporting Actress, Comedy",2018,False,NBC
481,155,oseanne,"Supporting Actress, Comedy",2018,False,
482,156,ill & grace,"Supporting Actress, Comedy",2018,False,
483,157,baskets,"Supporting Actor, Comedy",2018,False,FX
484,158,saturday night live,"Supporting Actor, Comedy",2018,False,NBC
485,159,unbreakable kimmy schmidt,"Supporting Actor, Comedy",2018,False,Netflix
486,160,atlanta,"Supporting Actor, Comedy",2018,False,FX
487,161,the marvelous mrs. maisel,"Supporting Actor, Comedy",2018,False,
488,162,saturday night live,"Supporting Actor, Comedy",2018,False,NBC
489,163,barry,"Supporting Actor, Comedy",2018,True,HBO
490,0,better call saul,Drama Series,2019,False,Netflix
491,1,bodyguard,Drama Series,2019,False,Netflix
492,2,game of thrones,Drama Series,2019,True,HBO
493,3,killing eve,Drama Series,2019,False,BBC
494,4,ozark,Drama Series,2019,False,Netflix
495,5,pose,Drama Series,2019,True,FX
496,6,succession,Drama Series,2019,False,HBO
497,7,this is us,Drama Series,2019,False,ABC
498,8,ozark,"Lead Actor, Drama",2019,False,Netflix
499,9,this is us,"Lead Actor, Drama",2019,False,ABC
500,10,game of thrones,"Lead Actor, Drama",2019,False,HBO
501,11,better call saul,"Lead Actor, Drama",2019,False,Netflix
502,12,pose,"Lead Actor, Drama",2019,False,FX
503,13,this is us,"Lead Actor, Drama",2019,False,ABC
504,14,game of thrones,"Lead Actress, Drama",2019,False,HBO
505,15,killing eve,"Lead Actress, Drama",2019,True,BBC
506,16,how to get away with murder,"Lead Actress, Drama",2019,False,ABC
507,17,ozark,"Lead Actress, Drama",2019,False,Netflix
508,18,this is us,"Lead Actress, Drama",2019,False,ABC
509,19,killing eve,"Lead Actress, Drama",2019,False,BBC
510,20,house of cards,"Lead Actress, Drama",2019,False,Netflix
511,21,game of thrones,"Supporting Actor, Drama",2019,False,HBO
512,22,better call saul,"Supporting Actor, Drama",2019,False,Netflix
513,23,game of thrones,"Supporting Actor, Drama",2019,False,HBO
514,24,game of thrones,"Supporting Actor, Drama",2019,True,HBO
515,25,better call saul,"Supporting Actor, Drama",2019,False,Netflix
516,26,house of cards,"Supporting Actor, Drama",2019,False,Netflix
517,27,this is us,"Supporting Actor, Drama",2019,False,ABC
518,28,game of thrones,"Supporting Actress, Drama",2019,False,HBO
519,29,ozark,"Supporting Actress, Drama",2019,True,Netflix
520,30,game of thrones,"Supporting Actress, Drama",2019,False,HBO
521,31,killing eve,"Supporting Actress, Drama",2019,False,BBC
522,32,game of thrones,"Supporting Actress, Drama",2019,False,HBO
523,33,game of thrones,"Supporting Actress, Drama",2019,False,HBO
524,34,game of thrones,Directing for a Drama,2019,False,HBO
525,35,game of thrones,Directing for a Drama,2019,False,HBO
526,36,game of thrones,Directing for a Drama,2019,False,HBO
527,37,killing eve,Directing for a Drama,2019,False,BBC
528,38,ozark,Directing for a Drama,2019,True,Netflix
529,39,succession,Directing for a Drama,2019,False,HBO
530,40,the handmaid's tale,Directing for a Drama,2019,False,
531,41,better call saul,Writing for a Drama Series,2019,False,Netflix
532,42,bodyguard,Writing for a Drama Series,2019,False,Netflix
533,43,game of thrones,Writing for a Drama Series,2019,False,HBO
534,44,killing eve,Writing for a Drama Series,2019,False,BBC
535,45,succession,Writing for a Drama Series,2019,True,HBO
536,46,the handmaid’s tale,Writing for a Drama Series,2019,False,
537,47,barry,Comedy Series,2019,False,HBO
538,48,fleabag,Comedy Series,2019,True,Fleabag
539,49,the good place,Comedy Series,2019,False,NBC
540,50,the marvelous mrs. maisel,Comedy Series,2019,False,
541,51,russian doll,Comedy Series,2019,False,Netflix
542,52,schitt’s creek,Comedy Series,2019,False,Pop TV
543,53,veep,Comedy Series,2019,False,HBO
544,54,black-ish,"Lead Actor, Comedy",2019,False,ABC
545,55,black monday,"Lead Actor, Comedy",2019,False,Showtime
546,56,the good place,"Lead Actor, Comedy",2019,False,NBC
547,57,the kominsky method,"Lead Actor, Comedy",2019,False,Netflix
548,58,barry,"Lead Actor, Comedy",2019,True,HBO
549,59,schitt’s creek,"Lead Actor, Comedy",2019,False,Pop TV
550,60,dead to me,"Lead Actress, Comedy",2019,False,CBS
551,61,the marvelous mrs. maisel,"Lead Actress, Comedy",2019,False,
552,62,veep,"Lead Actress, Comedy",2019,False,HBO
553,63,russian doll,"Lead Actress, Comedy",2019,False,Netflix
554,64,schitt’s creek,"Lead Actress, Comedy",2019,False,Pop TV
555,65,fleabag,"Lead Actress, Comedy",2019,True,Fleabag
556,66,the kominsky method,"Supporting Actor, Comedy",2019,False,Netflix
557,67,barry,"Supporting Actor, Comedy",2019,False,HBO
558,68,veep,"Supporting Actor, Comedy",2019,False,HBO
559,69,barry,"Supporting Actor, Comedy",2019,False,HBO
560,70,the marvelous mrs. maisel,"Supporting Actor, Comedy",2019,True,
561,71,barry,"Supporting Actor, Comedy",2019,False,HBO
562,72,the marvelous mrs. maisel,"Supporting Actress, Comedy",2019,False,
563,73,veep,"Supporting Actress, Comedy",2019,False,HBO
564,74,fleabag,"Supporting Actress, Comedy",2019,False,Fleabag
565,75,fleabag,"Supporting Actress, Comedy",2019,False,Fleabag
566,76,glow,"Supporting Actress, Comedy",2019,False,Netflix
567,77,barry,"Supporting Actress, Comedy",2019,False,HBO
568,78,the marvelous mrs. maisel,"Supporting Actress, Comedy",2019,True,
569,79,saturday night live,"Supporting Actress, Comedy",2019,False,NBC
570,80,barry,Writing for a Comedy Series,2019,False,HBO
571,81,fleabag,Writing for a Comedy Series,2019,True,Fleabag
572,82,pen15,Writing for a Comedy Series,2019,False,Hulu
573,83,russian doll,Writing for a Comedy Series,2019,False,Netflix
574,84,russian doll,Writing for a Comedy Series,2019,False,Netflix
575,85,the good place,Writing for a Comedy Series,2019,False,NBC
576,86,barry,Directing for a Comedy Series,2019,False,HBO
577,87,barry,Directing for a Comedy Series,2019,False,HBO
578,88,the big bang theory,Directing for a Comedy Series,2019,False,CBS
579,89,fleabag,Directing for a Comedy Series,2019,True,Fleabag
580,90,the marvelous mrs. maisel,Directing for a Comedy Series,2019,False,
581,91,the marvelous mrs. maisel,Directing for a Comedy Series,2019,False,
582,92,chernobyl,Limited Series,2019,True,HBO
583,93,escape at dannemora,Limited Series,2019,False,Showtime
584,94,fosse/verdon,Limited Series,2019,False,FX
585,95,sharp objects,Limited Series,2019,False,HBO
586,96,when they see us,Limited Series,2019,False,Netflix
587,97,sharp objects,"Lead Actress, TV Movie/Limited Series",2019,False,HBO
588,98,escape at dannemora,"Lead Actress, TV Movie/Limited Series",2019,False,Showtime
589,99,when they see us,"Lead Actress, TV Movie/Limited Series",2019,False,Netflix
590,100,the act,"Lead Actress, TV Movie/Limited Series",2019,False,Hulu
591,101,when they see us,"Lead Actress, TV Movie/Limited Series",2019,True,Netflix
592,102,fosse/verdon,"Lead Actress, TV Movie/Limited Series",2019,False,FX
593,103,true detective,"Lead Actor, TV Movie/Limited Series",2019,False,HBO
594,104,escape at dannemora,"Lead Actor, TV Movie/Limited Series",2019,False,Showtime
595,105,a very english scandal,"Lead Actor, TV Movie/Limited Series",2019,False,Amazon Studios
596,106,chernobyl,"Lead Actor, TV Movie/Limited Series",2019,False,HBO
597,107,when they see us,"Lead Actor, TV Movie/Limited Series",2019,False,Netflix
598,108,fosse/verdon,"Lead Actor, TV Movie/Limited Series",2019,False,FX
599,109,when they see us,"Supporting Actor, TV Movie/Limited Series",2019,False,Netflix
600,110,escape at dannemora,"Supporting Actor, TV Movie/Limited Series",2019,False,Showtime
601,111,when they see us,"Supporting Actor, TV Movie/Limited Series",2019,False,Netflix
602,112,chernobyl,"Supporting Actor, TV Movie/Limited Series",2019,False,HBO
603,113,a very english scandal,"Supporting Actor, TV Movie/Limited Series",2019,True,Amazon Studios
604,114,when they see us,"Supporting Actor, TV Movie/Limited Series",2019,False,Netflix
605,115,the act,"Supporting Actress, TV Movie/Limited Series",2019,True,Hulu
606,116,when they see us,"Supporting Actress, TV Movie/Limited Series",2019,False,Netflix
607,117,sharp objects,"Supporting Actress, TV Movie/Limited Series",2019,False,HBO
608,118,when they see us,"Supporting Actress, TV Movie/Limited Series",2019,False,Netflix
609,119,fosse/verdon,"Supporting Actress, TV Movie/Limited Series",2019,False,FX
610,120,chernobyl,"Supporting Actress, TV Movie/Limited Series",2019,False,HBO
611,121,a very english scandal,Directing for a TV Movie/Limited Series,2019,False,Amazon Studios
612,122,chernobyl,Directing for a TV Movie/Limited Series,2019,True,HBO
613,123,escape at dannemora,Directing for a TV Movie/Limited Series,2019,False,Showtime
614,124,fosse/verdon,Directing for a TV Movie/Limited Series,2019,False,FX
615,125,fosse/verdon,Directing for a TV Movie/Limited Series,2019,False,FX
616,126,when they see us,Directing for a TV Movie/Limited Series,2019,False,Netflix
617,127,a very english scandal,Writing for a TV Movie/Limited Series,2019,False,Amazon Studios
618,128,chernobyl,Writing for a TV Movie/Limited Series,2019,True,HBO
619,129,escape at dannemora,Writing for a TV Movie/Limited Series,2019,False,Showtime
620,130,escape at dannemora,Writing for a TV Movie/Limited Series,2019,False,Showtime
621,131,fosse/verdon,Writing for a TV Movie/Limited Series,2019,False,FX
622,132,when they see us,Writing for a TV Movie/Limited Series,2019,False,Netflix
623,133,black mirror: bandersnatch,TV Movie,2019,True,
624,134,brexit,TV Movie,2019,False,HBO
625,135,deadwood: the movie,TV Movie,2019,False,HBO
626,136,king lear,TV Movie,2019,False,Amazon Studios
627,137,my dinner with hervé,TV Movie,2019,False,HBO
628,138,american ninja warrior,Reality Competition Series,2019,False,NBC
629,139,nailed it!,Reality Competition Series,2019,False,Netflix
630,140,rupaul’s drag race,Reality Competition Series,2019,True,
631,141,the amazing race,Reality Competition Series,2019,False,CBS
632,142,the voice,Reality Competition Series,2019,False,NBC
633,143,top chef,Reality Competition Series,2019,False,Bravo
634,144,the daily show with trevor noah,Variety Talk Series,2019,False,Comedy Central
635,145,full frontal with samantha bee,Variety Talk Series,2019,False,TBS
636,146,jimmy kimmel live!,Variety Talk Series,2019,False,ABC
637,147,last week tonight with john oliver,Variety Talk Series,2019,True,HBO
638,148,the late late show with james corden,Variety Talk Series,2019,False,CBS
639,149,the late show with stephen colbert,Variety Talk Series,2019,False,CBS
640,150,at home with amy sedaris,Variety Sketch Series,2019,False,truTV
641,151,documentary now!,Variety Sketch Series,2019,False,IFC
642,152,drunk history,Variety Sketch Series,2019,False,Comedy Central
643,153,i love you america with sarah silverman,Variety Sketch Series,2019,False,Hulu
644,154,saturday night live,Variety Sketch Series,2019,True,NBC
645,155,who is america?,Variety Sketch Series,2019,False,Showtime
646,0,better call saul,Drama Series,2020,False,Netflix
647,1,the crown,Drama Series,2020,False,Netflix
648,2,the handmaid’s tale,Drama Series,2020,False,
649,3,killing eve,Drama Series,2020,False,BBC
650,4,the mandalorian,Drama Series,2020,False,Disney+
651,5,ozark,Drama Series,2020,False,Netflix
652,6,stranger things,Drama Series,2020,False,Netflix
653,7,succession,Drama Series,2020,True,HBO
654,8,the crown,"Supporting Actress, Drama",2020,False,Netflix
655,9,big little lies,"Supporting Actress, Drama",2020,False,HBO
656,10,ozark,"Supporting Actress, Drama",2020,True,Netflix
657,11,westworld,"Supporting Actress, Drama",2020,False,HBO
658,12,killing eve,"Supporting Actress, Drama",2020,False,BBC
659,13,succession,"Supporting Actress, Drama",2020,False,HBO
660,14,big little lies,"Supporting Actress, Drama",2020,False,HBO
661,15,the handmaid’s tale,"Supporting Actress, Drama",2020,False,
662,16,succession,"Supporting Actor, Drama",2020,False,HBO
663,17,the morning show,"Supporting Actor, Drama",2020,True,Apple TV
664,18,succession,"Supporting Actor, Drama",2020,False,HBO
665,19,the morning show,"Supporting Actor, Drama",2020,False,Apple TV
666,20,better call saul,"Supporting Actor, Drama",2020,False,Netflix
667,21,succession,"Supporting Actor, Drama",2020,False,HBO
668,22,the handmaid’s tale,"Supporting Actor, Drama",2020,False,
669,23,westworld,"Supporting Actor, Drama",2020,False,HBO
670,24,the crown,Directing for a Drama,2020,False,Netflix
671,25,the crown,Directing for a Drama,2020,False,Netflix
672,26,homeland,Directing for a Drama,2020,False,Showtime
673,27,the morning show,Directing for a Drama,2020,False,Apple TV
674,28,ozark,Directing for a Drama,2020,False,Netflix
675,29,ozark,Directing for a Drama,2020,False,Netflix
676,30,succession,Directing for a Drama,2020,True,HBO
677,31,succession,Directing for a Drama,2020,False,HBO
678,32,better call saul,Writing for a Drama Series,2020,False,Netflix
679,33,better call saul,Writing for a Drama Series,2020,False,Netflix
680,34,the crown,Writing for a Drama Series,2020,False,Netflix
681,35,ozark,Writing for a Drama Series,2020,False,Netflix
682,36,ozark,Writing for a Drama Series,2020,False,Netflix
683,37,ozark,Writing for a Drama Series,2020,False,Netflix
684,38,succession,Writing for a Drama Series,2020,True,HBO
685,39,the morning show,"Lead Actress, Drama",2020,False,Apple TV
686,40,the crown,"Lead Actress, Drama",2020,False,Netflix
687,41,killing eve,"Lead Actress, Drama",2020,False,BBC
688,42,ozark,"Lead Actress, Drama",2020,False,Netflix
689,43,killing eve,"Lead Actress, Drama",2020,False,BBC
690,44,euphoria,"Lead Actress, Drama",2020,True,HBO
691,45,ozark,"Lead Actor, Drama",2020,False,Netflix
692,46,this is us,"Lead Actor, Drama",2020,False,ABC
693,47,the morning show,"Lead Actor, Drama",2020,False,Apple TV
694,48,succession,"Lead Actor, Drama",2020,False,HBO
695,49,pose,"Lead Actor, Drama",2020,False,FX
696,50,succession,"Lead Actor, Drama",2020,True,HBO
697,51,the masked singer,Reality Competition Series,2020,False,Fox
698,52,nailed it!,Reality Competition Series,2020,False,Netflix
699,53,rupaul’s drag race,Reality Competition Series,2020,True,
700,54,top chef,Reality Competition Series,2020,False,Bravo
701,55,the voice,Reality Competition Series,2020,False,NBC
702,56,little fires everywhere,Limited Series,2020,False,Huu
703,57,mrs. america,Limited Series,2020,False,FX
704,58,unbelievable,Limited Series,2020,False,CBS
705,59,unorthodox,Limited Series,2020,False,Netflix
706,60,watchmen,Limited Series,2020,True,HBO
707,61,mrs. america,"Supporting Actress, TV Movie/Limited Series",2020,True,FX
708,62,unbelievable,"Supporting Actress, TV Movie/Limited Series",2020,False,CBS
709,63,mrs. america,"Supporting Actress, TV Movie/Limited Series",2020,False,FX
710,64,watchmen,"Supporting Actress, TV Movie/Limited Series",2020,False,HBO
711,65,hollywood,"Supporting Actress, TV Movie/Limited Series",2020,False,Netflix
712,66,mrs. america,"Supporting Actress, TV Movie/Limited Series",2020,False,FX
713,67,watchmen,"Supporting Actor, TV Movie/Limited Series",2020,True,HBO
714,68,watchmen,"Supporting Actor, TV Movie/Limited Series",2020,False,HBO
715,69,unbreakable kimmy schmidt: kimmy vs. the reverend,"Supporting Actor, TV Movie/Limited Series",2020,False,
716,70,watchmen,"Supporting Actor, TV Movie/Limited Series",2020,False,HBO
717,71,hollywood,"Supporting Actor, TV Movie/Limited Series",2020,False,Netflix
718,72,hollywood,"Supporting Actor, TV Movie/Limited Series",2020,False,Netflix
719,73,little fires everywhere,Directing for a TV Movie/Limited Series,2020,False,Huu
720,74,normal people,Directing for a TV Movie/Limited Series,2020,False,Hulu
721,75,unorthodox,Directing for a TV Movie/Limited Series,2020,True,Netflix
722,76,watchmen,Directing for a TV Movie/Limited Series,2020,False,HBO
723,77,watchmen,Directing for a TV Movie/Limited Series,2020,False,HBO
724,78,watchmen,Directing for a TV Movie/Limited Series,2020,False,HBO
725,79,mrs. america,Writing for a TV Movie/Limited Series,2020,False,FX
726,80,normal people,Writing for a TV Movie/Limited Series,2020,False,Hulu
727,81,unbelievable,Writing for a TV Movie/Limited Series,2020,False,CBS
728,82,unorthodox,Writing for a TV Movie/Limited Series,2020,False,Netflix
729,83,watchmen,Writing for a TV Movie/Limited Series,2020,True,HBO
730,84,watchmen,"Lead Actor, TV Movie/Limited Series",2020,False,HBO
731,85,bad education,"Lead Actor, TV Movie/Limited Series",2020,False,HBO
732,86,normal people,"Lead Actor, TV Movie/Limited Series",2020,False,Hulu
733,87,hollywood,"Lead Actor, TV Movie/Limited Series",2020,False,Netflix
734,88,i know this much is true,"Lead Actor, TV Movie/Limited Series",2020,True,HBO
735,89,mrs. america,"Lead Actress, TV Movie/Limited Series",2020,False,FX
736,90,unorthodox,"Lead Actress, TV Movie/Limited Series",2020,False,Netflix
737,91,watchmen,"Lead Actress, TV Movie/Limited Series",2020,True,HBO
738,92,self made,"Lead Actress, TV Movie/Limited Series",2020,False,Netflix
739,93,little fires everywhere,"Lead Actress, TV Movie/Limited Series",2020,False,Huu
740,94,the daily show with trevor noah,Variety Talk Series,2020,False,Comedy Central
741,95,full frontal with samantha bee,Variety Talk Series,2020,False,TBS
742,96,jimmy kimmel live!,Variety Talk Series,2020,False,ABC
743,97,last week tonight with john oliver,Variety Talk Series,2020,True,HBO
744,98,the late show with stephen colbert,Variety Talk Series,2020,False,CBS
745,99,curb your enthusiasm,Comedy Series,2020,False,HBO
746,100,dead to me,Comedy Series,2020,False,CBS
747,101,the good place,Comedy Series,2020,False,NBC
748,102,insecure,Comedy Series,2020,False,HBO
749,103,the kominsky method,Comedy Series,2020,False,Netflix
750,104,the marvelous mrs. maisel,Comedy Series,2020,False,
751,105,schitt’s creek,Comedy Series,2020,True,Pop TV
752,106,what we do in the shadows,Comedy Series,2020,False,FX
753,107,the marvelous mrs. maisel,"Supporting Actress, Comedy",2020,False,
754,108,the good place,"Supporting Actress, Comedy",2020,False,NBC
755,109,glow,"Supporting Actress, Comedy",2020,False,Netflix
756,110,the marvelous mrs. maisel,"Supporting Actress, Comedy",2020,False,
757,111,saturday night live,"Supporting Actress, Comedy",2020,False,NBC
758,112,schitt’s creek,"Supporting Actress, Comedy",2020,True,Pop TV
759,113,insecure,"Supporting Actress, Comedy",2020,False,HBO
760,114,saturday night live,"Supporting Actress, Comedy",2020,False,NBC
761,115,ramy,"Supporting Actor, Comedy",2020,False,Hulu
762,116,the kominsky method,"Supporting Actor, Comedy",2020,False,Netflix
763,117,brooklyn nine-nine,"Supporting Actor, Comedy",2020,False,NBC
764,118,the marvelous mrs. maisel,"Supporting Actor, Comedy",2020,False,
765,119,the good place,"Supporting Actor, Comedy",2020,False,NBC
766,120,schitt’s creek,"Supporting Actor, Comedy",2020,True,Pop TV
767,121,the marvelous mrs. maisel,"Supporting Actor, Comedy",2020,False,
768,122,saturday night live,"Supporting Actor, Comedy",2020,False,NBC
769,123,the great,Directing for a Comedy Series,2020,False,Hulu
770,124,the marvelous mrs. maisel,Directing for a Comedy Series,2020,False,
771,125,the marvelous mrs. maisel,Directing for a Comedy Series,2020,False,
772,126,modern family,Directing for a Comedy Series,2020,False,ABC
773,127,ramy,Directing for a Comedy Series,2020,False,Hulu
774,128,schitt’s creek,Directing for a Comedy Series,2020,True,Pop TV
775,129,will & grace,Directing for a Comedy Series,2020,False,NBC
776,130,the good place,Writing for a Comedy Series,2020,False,NBC
777,131,the great,Writing for a Comedy Series,2020,False,Hulu
778,132,schitt’s creek,Writing for a Comedy Series,2020,True,Pop TV
779,133,schitt’s creek,Writing for a Comedy Series,2020,False,Pop TV
780,134,what we do in the shadows,Writing for a Comedy Series,2020,False,FX
781,135,what we do in the shadows,Writing for a Comedy Series,2020,False,FX
782,136,what we do in the shadows,Writing for a Comedy Series,2020,False,FX
783,137,black-ish,"Lead Actor, Comedy",2020,False,ABC
784,138,black monday,"Lead Actor, Comedy",2020,False,Showtime
785,139,the good place,"Lead Actor, Comedy",2020,False,NBC
786,140,the kominsky method,"Lead Actor, Comedy",2020,False,Netflix
787,141,schitt’s creek,"Lead Actor, Comedy",2020,True,Pop TV
788,142,ramy,"Lead Actor, Comedy",2020,False,Hulu
789,143,dead to me,"Lead Actress, Comedy",2020,False,CBS
790,144,the marvelous mrs. maisel,"Lead Actress, Comedy",2020,False,
791,145,dead to me,"Lead Actress, Comedy",2020,False,CBS
792,146,schitt’s creek,"Lead Actress, Comedy",2020,True,Pop TV
793,147,insecure,"Lead Actress, Comedy",2020,False,HBO
794,148,black-ish,"Lead Actress, Comedy",2020,False,ABC
