Index,Title,Awards,Year,is_winner
0,The Americans,Drama Series,2016,FALSE
1,Better Call Saul,Drama Series,2016,FALSE
2,Downton Abbey,Drama Series,2016,FALSE
3,Game of Thrones,Drama Series,2016,TRUE
4,Homeland,Drama Series,2016,FALSE
5,House of Cards,Drama Series,2016,FALSE
6,Mr. Robot,Drama Series,2016,FALSE
7,Black-ish,Comedy Series,2016,FALSE
8,Master of None,Comedy Series,2016,FALSE
9,Modern Family,Comedy Series,2016,FALSE
10,Silicon Valley,Comedy Series,2016,FALSE
11,Transparent,Comedy Series,2016,FALSE
12,Unbreakable Kimmy Schmidt,Comedy Series,2016,FALSE
13,Veep,Comedy Series,2016,TRUE
14,Homeland,"Lead Actress, Drama",2016,FALSE
15,How to Get Away with Murder,"Lead Actress, Drama",2016,FALSE
16,Empire,"Lead Actress, Drama",2016,FALSE
17,Orphan Black,"Lead Actress, Drama",2016,FALSE
18,The Americans,"Lead Actress, Drama",2016,FALSE
19,House of Cards,"Lead Actress, Drama",2016,FALSE
20,Bloodline,"Lead Actor, Drama",2016,FALSE
21,Mr. Robot,"Lead Actor, Drama",2016,FALSE
22,Better Call Saul,"Lead Actor, Drama",2016,FALSE
23,The Americans,"Lead Actor, Drama",2016,FALSE
24,Ray Donovan,"Lead Actor, Drama",2016,FALSE
25,House of Cards,"Lead Actor, Drama",2016,FALSE
26,Better Call Saul,"Supporting Actor, Drama",2016,FALSE
27,Game of Thrones,"Supporting Actor, Drama",2016,FALSE
28,House of Cards,"Supporting Actor, Drama",2016,FALSE
29,Bloodline,"Supporting Actor, Drama",2016,FALSE
30,Game of Thrones,"Supporting Actor, Drama",2016,FALSE
31,Ray Donovan,"Supporting Actor, Drama",2016,FALSE
32,Downton Abbey,Directing for a Drama,2016,FALSE
33,Game of Thrones,Directing for a Drama,2016,FALSE
34,Game of Thrones,Directing for a Drama,2016,FALSE
35,Homeland,Directing for a Drama,2016,FALSE
36,The Knick,Directing for a Drama,2016,FALSE
37,Ray Donovan,Directing for a Drama,2016,FALSE
38,Game of Thrones,"Supporting Actress, Drama",2016,FALSE
39,Game of Thrones,"Supporting Actress, Drama",2016,FALSE
40,Downton Abbey,"Supporting Actress, Drama",2016,FALSE
41,The Affair,"Supporting Actress, Drama",2016,FALSE
42,Game of Thrones,"Supporting Actress, Drama",2016,FALSE
43,UnReal,"Supporting Actress, Drama",2016,FALSE
44,The Americans,Writing for a Drama Series,2016,FALSE
45,Downton Abbey,Writing for a Drama Series,2016,FALSE
46,Game of Thrones,Writing for a Drama Series,2016,FALSE
47,The Good Wife,Writing for a Drama Series,2016,FALSE
48,Mr. Robot,Writing for a Drama Series,2016,FALSE
49,UnReal,Writing for a Drama Series,2016,FALSE
50,Documentary Now,Variety Sketch Series,2016,FALSE
51,Drunk History,Variety Sketch Series,2016,FALSE
52,Inside Amy Schumer,Variety Sketch Series,2016,FALSE
53,Key & Peele,Variety Sketch Series,2016,TRUE
54,Portlandia,Variety Sketch Series,2016,FALSE
55,Saturday Night Live,Variety Sketch Series,2016,FALSE
56,58th Grammy Awards,Directing for a Variety Special,2016,FALSE
57,Lemonade,Directing for a Variety Special,2016,FALSE
58,Grease: Live!,Directing for a Variety Special,2016,TRUE
59,Adele Live in New York City,Directing for a Variety Special,2016,FALSE
60,Amy Schumer: Live at the Apollo,Directing for a Variety Special,2016,FALSE
61,The Kennedy Center Honors,Directing for a Variety Special,2016,FALSE
62,Comedians in Cars Getting Coffee,Variety Talk Series,2016,FALSE
63,The Late Late Show with James Corden,Variety Talk Series,2016,FALSE
64,Jimmy Kimmel Live!,Variety Talk Series,2016,FALSE
65,Last Week Tonight with John Oliver,Variety Talk Series,2016,TRUE
66,Real Time with Bill Maher,Variety Talk Series,2016,FALSE
67,The Tonight Show Starring Jimmy Fallon,Variety Talk Series,2016,FALSE
68,Amy Schumer: Live at the Apollo,Writing for a Variety Special,2016,FALSE
69,John Mulaney: The Comeback Kid,Writing for a Variety Special,2016,FALSE
70,Patton Oswalt: Talking for Clapping,Writing for a Variety Special,2016,TRUE
71,Tig Notaro: Boyish Girl Interrupted,Writing for a Variety Special,2016,FALSE
72,Triumph’s Election Special 2016,Writing for a Variety Special,2016,FALSE
73,American Crime,Limited Series,2016,FALSE
74,Fargo,Limited Series,2016,FALSE
75,The Night Manager,Limited Series,2016,FALSE
76,The People v. O.J. Simpson: American Crime Story,Limited Series,2016,TRUE
77,Roots,Limited Series,2016,FALSE
78,A Very Murray Christmas,TV Movie,2016,FALSE
79,All the Way,TV Movie,2016,FALSE
80,Confirmation,TV Movie,2016,FALSE
81,Luther,TV Movie,2016,FALSE
82,Sherlock,"Lead Actor, TV Movie/Limited Series",2016,FALSE
83,All the Way,"Lead Actor, TV Movie/Limited Series",2016,FALSE
84,Sherlock,"Lead Actor, TV Movie/Limited Series",2016,FALSE
85,Luther,"Lead Actor, TV Movie/Limited Series",2016,FALSE
86,The People v. O.J. Simpson: American Crime Story,"Lead Actor, TV Movie/Limited Series",2016,FALSE
87,The Night Manager,"Lead Actor, TV Movie/Limited Series",2016,FALSE
88,The People v. O.J. Simpson: American Crime Story,"Lead Actor, TV Movie/Limited Series",2016,FALSE
89,Fargo,"Lead Actress, TV Movie/Limited Series",2016,FALSE
90,American Crime,"Lead Actress, TV Movie/Limited Series",2016,FALSE
91,Lady Day at Emerson’s Bar and Grill,"Lead Actress, TV Movie/Limited Series",2016,FALSE
92,American Crime,"Lead Actress, TV Movie/Limited Series",2016,FALSE
93,The People v. O.J. Simpson: American Crime Story,"Lead Actress, TV Movie/Limited Series",2016,FALSE
94,Confirmation,"Lead Actress, TV Movie/Limited Series",2016,FALSE
95,The People v. O.J. Simpson: American Crime Story,"Supporting Actor, TV Movie/Limited Series",2016,FALSE
96,The Night Manager,"Supporting Actor, TV Movie/Limited Series",2016,FALSE
97,Fargo,"Supporting Actor, TV Movie/Limited Series",2016,FALSE
98,The People v. O.J. Simpson: American Crime Story,"Supporting Actor, TV Movie/Limited Series",2016,FALSE
99,The People v. O.J. Simpson: American Crime Story,"Supporting Actor, TV Movie/Limited Series",2016,FALSE
100,Fargo,"Supporting Actor, TV Movie/Limited Series",2016,FALSE
101,All the Way,Directing for a TV Movie/Limited Series,2016,FALSE
102,Fargo,Directing for a TV Movie/Limited Series,2016,FALSE
103,The Night Manager,Directing for a TV Movie/Limited Series,2016,FALSE
104,The People v. O.J. Simpson: American Crime Story,Directing for a TV Movie/Limited Series,2016,FALSE
105,The People v. O.J. Simpson: American Crime Story,Directing for a TV Movie/Limited Series,2016,FALSE
106,The People v. O.J. Simpson: American Crime Story,Directing for a TV Movie/Limited Series,2016,FALSE
107,American Horror Story,"Supporting Actress, TV Movie/Limited Series",2016,FALSE
108,The Night Manager,"Supporting Actress, TV Movie/Limited Series",2016,FALSE
109,American Crime,"Supporting Actress, TV Movie/Limited Series",2016,FALSE
110,All the Way,"Supporting Actress, TV Movie/Limited Series",2016,FALSE
111,American Horror Story,"Supporting Actress, TV Movie/Limited Series",2016,FALSE
112,Fargo,"Supporting Actress, TV Movie/Limited Series",2016,FALSE
113,Fargo,Writing for a TV Movie/Limited Series,2016,FALSE
114,Fargo,Writing for a TV Movie/Limited Series,2016,FALSE
115,The Night Manager,Writing for a TV Movie/Limited Series,2016,FALSE
116,The People v. O.J. Simpson: American Crime Story,Writing for a TV Movie/Limited Series,2016,FALSE
117,The People v. O.J. Simpson: American Crime Story,Writing for a TV Movie/Limited Series,2016,FALSE
118,The People v. O.J. Simpson: American Crime Story,Writing for a TV Movie/Limited Series,2016,FALSE
119,The Amazing Race,Reality Competition Series,2016,FALSE
120,American Ninja Warrior,Reality Competition Series,2016,FALSE
121,Dancing with the Stars,Reality Competition Series,2016,FALSE
122,Project Runway,Reality Competition Series,2016,FALSE
123,Top Chef,Reality Competition Series,2016,FALSE
124,The Voice,Reality Competition Series,2016,TRUE
125,Black-ish,"Lead Actor, Comedy",2016,FALSE
126,Master of None,"Lead Actor, Comedy",2016,FALSE
127,The Last Man on Earth,"Lead Actor, Comedy",2016,FALSE
128,Shameless,"Lead Actor, Comedy",2016,FALSE
129,Silicon Valley,"Lead Actor, Comedy",2016,FALSE
130,Transparent,"Lead Actor, Comedy",2016,FALSE
131,Unbreakable Kimmy Schmidt,"Lead Actress, Comedy",2016,FALSE
132,Veep,"Lead Actress, Comedy",2016,FALSE
133,Getting On,"Lead Actress, Comedy",2016,FALSE
134,Black-ish,"Lead Actress, Comedy",2016,FALSE
135,Inside Amy Schumer,"Lead Actress, Comedy",2016,FALSE
136,Grace and Frankie,"Lead Actress, Comedy",2016,FALSE
137,Master of None,Directing for a Comedy Series,2016,FALSE
138,Silicon Valley,Directing for a Comedy Series,2016,FALSE
139,Silicon Valley,Directing for a Comedy Series,2016,FALSE
140,Transparent,Directing for a Comedy Series,2016,FALSE
141,Veep,Directing for a Comedy Series,2016,FALSE
142,Veep,Directing for a Comedy Series,2016,FALSE
143,Veep,Directing for a Comedy Series,2016,FALSE
144,Veep,"Supporting Actress, Comedy",2016,FALSE
145,Transparent,"Supporting Actress, Comedy",2016,FALSE
146,Mom,"Supporting Actress, Comedy",2016,FALSE
147,Transparent,"Supporting Actress, Comedy",2016,FALSE
148,Saturday Night Live,"Supporting Actress, Comedy",2016,FALSE
149,Getting On,"Supporting Actress, Comedy",2016,FALSE
150,Catastrophe,Writing for a Comedy Series,2016,FALSE
151,Master of None,Writing for a Comedy Series,2016,FALSE
152,Silicon Valley,Writing for a Comedy Series,2016,FALSE
153,Silicon Valley,Writing for a Comedy Series,2016,FALSE
154,Veep,Writing for a Comedy Series,2016,FALSE
155,Veep,Writing for a Comedy Series,2016,FALSE
156,Baskets,"Supporting Actor, Comedy",2016,FALSE
157,Brooklyn Nine-Nine,"Supporting Actor, Comedy",2016,FALSE
158,Unbreakable Kimmy Schmidt,"Supporting Actor, Comedy",2016,FALSE
159,Modern Family,"Supporting Actor, Comedy",2016,FALSE
160,Veep,"Supporting Actor, Comedy",2016,FALSE
161,Key & Peele,"Supporting Actor, Comedy",2016,FALSE
162,Veep,"Supporting Actor, Comedy",2016,FALSE
163,Better Call Saul,Drama Series,2017,FALSE
164,The Crown,Drama Series,2017,FALSE
165,The Handmaid’s Tale,Drama Series,2017,TRUE
166,House of Cards,Drama Series,2017,FALSE
167,Stranger Things,Drama Series,2017,FALSE
168,This Is Us,Drama Series,2017,FALSE
169,Westworld,Drama Series,2017,FALSE
170,How to Get Away with Murder,"Lead Actress, Drama",2017,FALSE
171,The Crown,"Lead Actress, Drama",2017,FALSE
172,The Handmaid’s Tale,"Lead Actress, Drama",2017,TRUE
173,The Americans,"Lead Actress, Drama",2017,FALSE
174,Westworld,"Lead Actress, Drama",2017,FALSE
175,House of Cards,"Lead Actress, Drama",2017,FALSE
176,This Is Us,"Lead Actor, Drama",2017,TRUE
177,Westworld,"Lead Actor, Drama",2017,FALSE
178,Better Call Saul,"Lead Actor, Drama",2017,FALSE
179,The Americans,"Lead Actor, Drama",2017,FALSE
180,Ray Donovan,"Lead Actor, Drama",2017,FALSE
181,House of Cards,"Lead Actor, Drama",2017,FALSE
182,This Is Us,"Lead Actor, Drama",2017,FALSE
183,Big Little Lies,Limited Series,2017,FALSE
184,Fargo,Limited Series,2017,FALSE
185,Feud: Bette and Joan,Limited Series,2017,FALSE
186,Genius,Limited Series,2017,FALSE
187,The Night Of,Limited Series,2017,FALSE
188,Black Mirror,TV Movie,2017,FALSE
189,Dolly Parton’s Christmas of Many Colors,TV Movie,2017,FALSE
190,The Immortal Life of Henrietta Lacks,TV Movie,2017,FALSE
191,Sherlock,TV Movie,2017,FALSE
192,The Wizard of Lies,TV Movie,2017,FALSE
193,Fargo,"Lead Actress, TV Movie/Limited Series",2017,FALSE
194,American Crime,"Lead Actress, TV Movie/Limited Series",2017,FALSE
195,Big Little Lies,"Lead Actress, TV Movie/Limited Series",2017,TRUE
196,Feud: Bette and Joan,"Lead Actress, TV Movie/Limited Series",2017,FALSE
197,Feud: Bette and Joan,"Lead Actress, TV Movie/Limited Series",2017,FALSE
198,Big Little Lies,"Lead Actress, TV Movie/Limited Series",2017,FALSE
199,The Night Of,"Lead Actor, TV Movie/Limited Series",2017,TRUE
200,Sherlock,"Lead Actor, TV Movie/Limited Series",2017,FALSE
201,The Wizard of Lies,"Lead Actor, TV Movie/Limited Series",2017,FALSE
202,Fargo,"Lead Actor, TV Movie/Limited Series",2017,FALSE
203,Genius,"Lead Actor, TV Movie/Limited Series",2017,FALSE
204,The Night Of,"Lead Actor, TV Movie/Limited Series",2017,FALSE
205,Atlanta,Comedy Series,2017,FALSE
206,Black-ish,Comedy Series,2017,FALSE
207,Master of None,Comedy Series,2017,FALSE
208,Modern Family,Comedy Series,2017,FALSE
209,Silicon Valley,Comedy Series,2017,FALSE
210,Unbreakable Kimmy Schmidt,Comedy Series,2017,FALSE
211,Veep,Comedy Series,2017,TRUE
212,Better Things,"Lead Actress, Comedy",2017,FALSE
213,Grace and Frankie,"Lead Actress, Comedy",2017,FALSE
214,Mom,"Lead Actress, Comedy",2017,FALSE
215,Unbreakable Kimmy Schmidt,"Lead Actress, Comedy",2017,FALSE
216,Veep,"Lead Actress, Comedy",2017,TRUE
217,Black-ish,"Lead Actress, Comedy",2017,FALSE
218,Grace and Frankie,"Lead Actress, Comedy",2017,FALSE
219,Black-ish,"Lead Actor, Comedy",2017,FALSE
220,Master of None,"Lead Actor, Comedy",2017,FALSE
221,Baskets,"Lead Actor, Comedy",2017,FALSE
222,Atlanta,"Lead Actor, Comedy",2017,TRUE
223,Shameless,"Lead Actor, Comedy",2017,FALSE
224,Transparent,"Lead Actor, Comedy",2017,FALSE
225,Full Frontal with Samantha Bee,Variety Talk Series,2017,FALSE
226,Jimmy Kimmel Live!,Variety Talk Series,2017,FALSE
227,Last Week Tonight with John Oliver,Variety Talk Series,2017,TRUE
228,The Late Late Show with James Corden,Variety Talk Series,2017,FALSE
229,The Late Show With Stephen Colbert,Variety Talk Series,2017,FALSE
230,Real Time with Bill Maher,Variety Talk Series,2017,FALSE
231,Drunk History,Directing for a Variety Special,2017,FALSE
232,Jimmy Kimmel Live!,Directing for a Variety Special,2017,FALSE
233,Last Week Tonight with John Oliver,Directing for a Variety Special,2017,FALSE
234,The Late Show With Stephen Colbert,The Late Show With Stephen Colbert,2017,FALSE
235,Saturday Night Live,Directing for a Variety Special,2017,TRUE
236,Big Little Lies,Writing for a TV Movie/Limited Series,2017,FALSE
237,Black Mirror,Black Mirror,2017,FALSE
238,Fargo,Writing for a TV Movie/Limited Series,2017,FALSE
239,Feud: Bette and Joan,Writing for a TV Movie/Limited Series,2017,FALSE
240,Feud: Bette and Joan,Writing for a TV Movie/Limited Series,2017,FALSE
241,The Night Of,Writing for a TV Movie/Limited Series,2017,FALSE
242,Better Call Saul,Directing for a Drama,2017,FALSE
243,The Crown,Directing for a Drama,2017,FALSE
244,The Handmaid’s Tale,Directing for a Drama,2017,TRUE
245,The Handmaid’s Tale,Directing for a Drama,2017,FALSE
246,Homeland,Directing for a Drama,2017,FALSE
247,Stranger Things,Directing for a Drama,2017,FALSE
248,Westworld,Directing for a Drama,2017,FALSE
249,The Amazing Race,Reality Competition Series,2017,FALSE
250,American Ninja Warrior,Reality Competition Series,2017,FALSE
251,Project Runway,Reality Competition Series,2017,FALSE
252,RuPaul’s Drag Race,Reality Competition Series,2017,FALSE
253,Top Chef,Reality Competition Series,2017,FALSE
254,The Voice,Reality Competition Series,2017,TRUE
255,Atlanta,Writing for a Comedy Series,2017,FALSE
256,Atlanta,Writing for a Comedy Series,2017,FALSE
257,Master of None,Writing for a Comedy Series,2017,TRUE
258,Silicon Valley,Writing for a Comedy Series,2017,FALSE
259,Veep,Writing for a Comedy Series,2017,FALSE
260,Veep,Writing for a Comedy Series,2017,FALSE
261,Orange Is the New Black,"Supporting Actress, Drama",2017,FALSE
262,Stranger Things,"Supporting Actress, Drama",2017,FALSE
263,The Handmaid’s Tale,"Supporting Actress, Drama",2017,FALSE
264,This Is Us,"Supporting Actress, Drama",2017,FALSE
265,Westworld,"Supporting Actress, Drama",2017,FALSE
266,The Handmaid’s Tale,"Supporting Actress, Drama",2017,TRUE
267,Full Frontal with Samantha Bee,Writing for a Variety Special,2017,FALSE
268,Last Week Tonight with John Oliver,Writing for a Variety Special,2017,TRUE
269,Late Night with Seth Meyers,Writing for a Variety Special,2017,FALSE
270,The Late Show With Stephen Colbert,Writing for a Variety Special,2017,FALSE
271,Saturday Night Live,Writing for a Variety Special,2017,FALSE
272,The Night Of,"Supporting Actor, TV Movie/Limited Series",2017,FALSE
273,Feud: Bette and Joan,"Supporting Actor, TV Movie/Limited Series",2017,FALSE
274,Big Little Lies,"Supporting Actor, TV Movie/Limited Series",2017,TRUE
275,Fargo,"Supporting Actor, TV Movie/Limited Series",2017,FALSE
276,Feud: Bette and Joan,"Supporting Actor, TV Movie/Limited Series",2017,FALSE
277,The Night Of,"Supporting Actor, TV Movie/Limited Series",2017,FALSE
278,Big Little Lies,Directing for a TV Movie/Limited Series,2017,TRUE
279,Fargo,Directing for a TV Movie/Limited Series,2017,FALSE
280,Feud: Bette and Joan,Directing for a TV Movie/Limited Series,2017,FALSE
281,Genius,Directing for a TV Movie/Limited Series,2017,FALSE
282,The Night Of,Directing for a TV Movie/Limited Series,2017,FALSE
283,The Night Of,Directing for a TV Movie/Limited Series,2017,FALSE
284,Baskets,"Supporting Actor, Comedy",2017,FALSE
285,Saturday Night Live,"Supporting Actor, Comedy",2017,TRUE
286,Unbreakable Kimmy Schmidt,"Supporting Actor, Comedy",2017,FALSE
287,Modern Family,"Supporting Actor, Comedy",2017,FALSE
288,Veep,"Supporting Actor, Comedy",2017,FALSE
289,Veep,"Supporting Actor, Comedy",2017,FALSE
290,The Americans,Writing for a Drama Series,2017,FALSE
291,Better Call Saul,Writing for a Drama Series,2017,FALSE
292,The Crown,Writing for a Drama Series,2017,FALSE
293,The Handmaid’s Tale,Writing for a Drama Series,2017,TRUE
294,Stranger Things,Writing for a Drama Series,2017,FALSE
295,Westworld,Writing for a Drama Series,2017,FALSE
296,Billy on the Street,Variety Sketch Series,2017,FALSE
297,Documentary Now!,Variety Sketch Series,2017,FALSE
298,Drunk History,Variety Sketch Series,2017,FALSE
299,Portlandia,Variety Sketch Series,2017,FALSE
300,Saturday Night Live,Variety Sketch Series,2017,TRUE
301,Tracy Ullman’s Show,Variety Sketch Series,2017,FALSE
302,Atlanta,Directing for a Comedy Series,2017,TRUE
303,Silicon Valley,Directing for a Comedy Series,2017,FALSE
304,Veep,Directing for a Comedy Series,2017,FALSE
305,Veep,Directing for a Comedy Series,2017,FALSE
306,Veep,Directing for a Comedy Series,2017,FALSE
307,Feud: Bette and Joan,"Supporting Actress, TV Movie/Limited Series",2017,FALSE
308,Big Little Lies,"Supporting Actress, TV Movie/Limited Series",2017,TRUE
309,Feud: Bette and Joan,"Supporting Actress, TV Movie/Limited Series",2017,FALSE
310,American Crime,"Supporting Actress, TV Movie/Limited Series",2017,FALSE
311,The Wizard of Lies,"Supporting Actress, TV Movie/Limited Series",2017,FALSE
312,Big Little Lies,"Supporting Actress, TV Movie/Limited Series",2017,FALSE
313,Saturday Night Live,"Supporting Actress, Comedy",2017,FALSE
314,Veep,"Supporting Actress, Comedy",2017,FALSE
315,Transparent,"Supporting Actress, Comedy",2017,FALSE
316,Saturday Night Live,"Supporting Actress, Comedy",2017,FALSE
317,Transparent,"Supporting Actress, Comedy",2017,FALSE
318,Saturday Night Live,"Supporting Actress, Comedy",2017,TRUE
319,Better Call Saul,"Supporting Actor, Drama",2017,FALSE
320,This Is Us,"Supporting Actor, Drama",2017,FALSE
321,Stranger Things,"Supporting Actor, Drama",2017,FALSE
322,House of Cards,"Supporting Actor, Drama",2017,FALSE
323,The Crown,"Supporting Actor, Drama",2017,TRUE
324,Homeland,"Supporting Actor, Drama",2017,FALSE
325,Westworld,"Supporting Actor, Drama",2017,FALSE
326,The Americans,Drama Series,2018,FALSE
327,The Crown,Drama Series,2018,FALSE
328,Game of Thrones,Drama Series,2018,TRUE
329,The Handmaid’s Tale,Drama Series,2018,FALSE
330,Stranger Things,Drama Series,2018,FALSE
331,This Is Us,Drama Series,2018,FALSE
332,estworld,Drama Series,2018,FALSE
333,Atlanta,Comedy Series,2018,FALSE
334,Barry,Comedy Series,2018,FALSE
335,Black-ish,Comedy Series,2018,FALSE
336,Curb Your Enthusiasm,Comedy Series,2018,FALSE
337,GLOW,Comedy Series,2018,FALSE
338,The Marvelous Mrs. Maisel,Comedy Series,2018,TRUE
339,Silicon Valley,Comedy Series,2018,FALSE
340,Unbreakable Kimmy Schmidt,Comedy Series,2018,FALSE
341,The Alienist,Limited Series,2018,FALSE
342,The Assassination of Gianni Versace: American Crime Story,Limited Series,2018,TRUE
343,Genius: Picasso,Limited Series,2018,FALSE
344,Godless,Limited Series,2018,FALSE
345,Patrick Melrose,Limited Series,2018,FALSE
346,The Daily Show with Trevor Noah,Variety Talk Series,2018,FALSE
347,Full Frontal with Samantha Bee,Variety Talk Series,2018,FALSE
348,Jimmy Kimmel Live!,Variety Talk Series,2018,FALSE
349,Last Week Tonight with John Oliver,Variety Talk Series,2018,TRUE
350,The Late Late Show with James Corden,Variety Talk Series,2018,FALSE
351,The Late Show With Stephen Colbert,Variety Talk Series,2018,FALSE
352,At Home with Amy Sedaris,Variety Sketch Series,2018,FALSE
353,Drunk History,Variety Sketch Series,2018,FALSE
354,Love You America,Variety Sketch Series,2018,FALSE
355,Portlandia,Variety Sketch Series,2018,FALSE
356,Saturday Night Live,Variety Sketch Series,2018,TRUE
357,Tracey Ullman’s Show,Variety Sketch Series,2018,FALSE
358,The Amazing Race,Reality Competition Series,2018,FALSE
359,American Ninja Warrior,Reality Competition Series,2018,FALSE
360,Project Runway,Reality Competition Series,2018,FALSE
361,uPaul’s Drag Race,Reality Competition Series,2018,TRUE
362,Top Chef,Reality Competition Series,2018,FALSE
363,The Voice,Reality Competition Series,2018,FALSE
364,The Crown,"Lead Actress, Drama",2018,TRUE
365,Orphan Black,"Lead Actress, Drama",2018,FALSE
366,The Handmaid’s Tale,"Lead Actress, Drama",2018,FALSE
367,Killing Eve,"Lead Actress, Drama",2018,FALSE
368,The Americans,"Lead Actress, Drama",2018,FALSE
369,estworld,"Lead Actress, Drama",2018,FALSE
370,Ozark,"Lead Actor, Drama",2018,FALSE
371,This Is Us,"Lead Actor, Drama",2018,FALSE
372,estworld,"Lead Actor, Drama",2018,FALSE
373,The Americans,"Lead Actor, Drama",2018,TRUE
374,This Is Us,"Lead Actor, Drama",2018,FALSE
375,estworld,"Lead Actor, Drama",2018,FALSE
376,Game of Thrones,Directing for a Drama,2018,FALSE
377,Game of Thrones,Directing for a Drama,2018,FALSE
378,Ozark,Directing for a Drama,2018,FALSE
379,Ozark,Directing for a Drama,2018,FALSE
380,Stranger Things,Directing for a Drama,2018,FALSE
381,The Crown,Directing for a Drama,2018,TRUE
382,The Handmaid’s Tale,Directing for a Drama,2018,FALSE
383,Game of Thrones,Writing for a Drama Series,2018,FALSE
384,Killing Eve,Writing for a Drama Series,2018,FALSE
385,Stranger Things,Writing for a Drama Series,2018,FALSE
386,The Americans,Writing for a Drama Series,2018,TRUE
387,The Crown,Writing for a Drama Series,2018,FALSE
388,The Handmaid’s Tale,Writing for a Drama Series,2018,FALSE
389,The Handmaid’s Tale,"Supporting Actress, Drama",2018,FALSE
390,Stranger Things,"Supporting Actress, Drama",2018,FALSE
391,The Handmaid’s Tale,"Supporting Actress, Drama",2018,FALSE
392,Game of Thrones,"Supporting Actress, Drama",2018,FALSE
393,The Crown,"Supporting Actress, Drama",2018,FALSE
394,estworld,"Supporting Actress, Drama",2018,TRUE
395,The Handmaid’s Tale,"Supporting Actress, Drama",2018,FALSE
396,Game of Thrones,"Supporting Actor, Drama",2018,FALSE
397,Game of Thrones,"Supporting Actor, Drama",2018,TRUE
398,The Handmaid’s Tale,"Supporting Actor, Drama",2018,FALSE
399,Stranger Things,"Supporting Actor, Drama",2018,FALSE
400,Homeland,"Supporting Actor, Drama",2018,FALSE
401,The Crown,"Supporting Actor, Drama",2018,FALSE
402,Dave Chappelle: Equanimity,Directing for a Variety Special,2018,FALSE
403,Jerry Seinfeld: Jerry Before Seinfeld,Directing for a Variety Special,2018,FALSE
404,Steve Martin & Martin Short: An Evening You Will Forget for the Rest of Your Life,Directing for a Variety Special,2018,FALSE
405,Super Bowl LII Halftime Show Starring Justin Timberlake,Directing for a Variety Special,2018,FALSE
406,The Oscars,Directing for a Variety Special,2018,TRUE
407,Full Frontal with Samantha Bee,Directing for a Variety Special,2018,FALSE
408,John Mulaney: Kid Gorgeous at Radio City,Writing for a Variety Special,2018,TRUE
409,Michelle Wolf: Nice Lady,Writing for a Variety Special,2018,FALSE
410,Patton Oswalt: Annihilation,Writing for a Variety Special,2018,FALSE
411,Steve Martin & Martin Short: An Evening You Will Forget for the Rest of Your Life,Writing for a Variety Special,2018,FALSE
412,Genius: Picasso,"Lead Actor, TV Movie/Limited Series",2018,FALSE
413,The Assassination of Gianni Versace: American Crime Story,"Lead Actor, TV Movie/Limited Series",2018,TRUE
414,Patrick Melrose,"Lead Actor, TV Movie/Limited Series",2018,FALSE
415,The Looming Tower,"Lead Actor, TV Movie/Limited Series",2018,FALSE
416,Jesus Christ Superstar Live in Concert,"Lead Actor, TV Movie/Limited Series",2018,FALSE
417,Black Mirror,"Lead Actress, TV Movie/Limited Series",2018,FALSE
418,The Sinner,"Lead Actress, TV Movie/Limited Series",2018,FALSE
419,The Tale,"Lead Actress, TV Movie/Limited Series",2018,FALSE
420,Godless,"Lead Actress, TV Movie/Limited Series",2018,FALSE
421,Law & Order True Crime: The Menendez Murders,"Lead Actress, TV Movie/Limited Series",2018,FALSE
422,Seven Seconds,"Lead Actress, TV Movie/Limited Series",2018,TRUE
423,American Horror Story,"Lead Actress, TV Movie/Limited Series",2018,FALSE
424,Godless,Directing for a TV Movie/Limited Series,2018,FALSE
425,Jesus Christ Superstar Live in Concert,Directing for a TV Movie/Limited Series,2018,FALSE
426,Paterno,Directing for a TV Movie/Limited Series,2018,FALSE
427,Twin Peaks,Directing for a TV Movie/Limited Series,2018,FALSE
428,Patrick Melrose,Directing for a TV Movie/Limited Series,2018,FALSE
429,The Assassination of Gianni Versace: American Crime Story,Directing for a TV Movie/Limited Series,2018,TRUE
430,The Looming Tower,Directing for a TV Movie/Limited Series,2018,FALSE
431,American Vandal,Writing for a TV Movie/Limited Series,2018,FALSE
432,Godless,Writing for a TV Movie/Limited Series,2018,FALSE
433,Patrick Melrose,Writing for a TV Movie/Limited Series,2018,FALSE
434,The Assassination of Gianni Versace: American Crime Story,Writing for a TV Movie/Limited Series,2018,FALSE
435,Twin Peaks,Writing for a TV Movie/Limited Series,2018,FALSE
436,Black Mirror,Writing for a TV Movie/Limited Series,2018,FALSE
437,Godless,"Supporting Actor, TV Movie/Limited Series",2018,TRUE
438,Jesus Christ Superstar Live in Concert,"Supporting Actor, TV Movie/Limited Series",2018,FALSE
439,aco,"Supporting Actor, TV Movie/Limited Series",2018,FALSE
440,The Assassination of Gianni Versace: American Crime Story,"Supporting Actor, TV Movie/Limited Series",2018,FALSE
441,The Assassination of Gianni Versace: American Crime Story,"Supporting Actor, TV Movie/Limited Series",2018,FALSE
442,The Looming Tower,"Supporting Actor, TV Movie/Limited Series",2018,FALSE
443,The Assassination of Gianni Versace: American Crime Story,"Supporting Actor, TV Movie/Limited Series",2018,FALSE
444,Jesus Christ Superstar Live in Concert,"Supporting Actress, TV Movie/Limited Series",2018,FALSE
445,The Assassination of Gianni Versace: American Crime Story,"Supporting Actress, TV Movie/Limited Series",2018,FALSE
446,The Assassination of Gianni Versace: American Crime Story,"Supporting Actress, TV Movie/Limited Series",2018,FALSE
447,American Horror Story,"Supporting Actress, TV Movie/Limited Series",2018,FALSE
448,Godless,"Supporting Actress, TV Movie/Limited Series",2018,TRUE
449,Black Mirror,"Supporting Actress, TV Movie/Limited Series",2018,FALSE
450,Black-ish,"Lead Actor, Comedy",2018,FALSE
451,The Good Place,"Lead Actor, Comedy",2018,FALSE
452,Curb Your Enthusiasm,"Lead Actor, Comedy",2018,FALSE
453,Atlanta,"Lead Actor, Comedy",2018,FALSE
454,Barry,"Lead Actor, Comedy",2018,TRUE
455,Shameless,"Lead Actor, Comedy",2018,FALSE
456,Better Things,"Lead Actress, Comedy",2018,FALSE
457,The Marvelous Mrs. Maisel,"Lead Actress, Comedy",2018,TRUE
458,Mom,"Lead Actress, Comedy",2018,FALSE
459,nsecure,"Lead Actress, Comedy",2018,FALSE
460,Black-ish,"Lead Actress, Comedy",2018,FALSE
461,Grace and Frankie,"Lead Actress, Comedy",2018,FALSE
462,Atlanta,Directing for a Comedy Series,2018,FALSE
463,Atlanta,Directing for a Comedy Series,2018,FALSE
464,Barry,Directing for a Comedy Series,2018,FALSE
465,GLOW,Directing for a Comedy Series,2018,FALSE
466,Silicon Valley,Directing for a Comedy Series,2018,FALSE
467,The Marvelous Mrs. Maisel,Directing for a Comedy Series,2018,TRUE
468,The Big Bang Theory,Directing for a Comedy Series,2018,FALSE
469,Atlanta,Writing for a Comedy Series,2018,FALSE
470,Atlanta,Writing for a Comedy Series,2018,FALSE
471,Barry,Writing for a Comedy Series,2018,FALSE
472,Barry,Writing for a Comedy Series,2018,FALSE
473,Silicon Valley,Writing for a Comedy Series,2018,FALSE
474,The Marvelous Mrs. Maisel,Writing for a Comedy Series,2018,TRUE
475,Atlanta,"Supporting Actress, Comedy",2018,FALSE
476,The Marvelous  Mrs. Maisel,"Supporting Actress, Comedy",2018,TRUE
477,Saturday Night Live,"Supporting Actress, Comedy",2018,FALSE
478,GLOW,"Supporting Actress, Comedy",2018,FALSE
479,Saturday Night Live,"Supporting Actress, Comedy",2018,FALSE
480,Saturday Night Live,"Supporting Actress, Comedy",2018,FALSE
481,oseanne,"Supporting Actress, Comedy",2018,FALSE
482,ill & Grace,"Supporting Actress, Comedy",2018,FALSE
483,Baskets,"Supporting Actor, Comedy",2018,FALSE
484,Saturday Night Live,"Supporting Actor, Comedy",2018,FALSE
485,Unbreakable Kimmy Schmidt,"Supporting Actor, Comedy",2018,FALSE
486,Atlanta,"Supporting Actor, Comedy",2018,FALSE
487,The Marvelous Mrs. Maisel,"Supporting Actor, Comedy",2018,FALSE
488,Saturday Night Live,"Supporting Actor, Comedy",2018,FALSE
489,Barry,"Supporting Actor, Comedy",2018,TRUE
490,Better Call Saul,Drama Series,2019,FALSE
491,Bodyguard,Drama Series,2019,FALSE
492,Game of Thrones,Drama Series,2019,TRUE
493,Killing Eve,Drama Series,2019,FALSE
494,Ozark,Drama Series,2019,FALSE
495,Pose,Drama Series,2019,TRUE
496,Succession,Drama Series,2019,FALSE
497,This Is Us,Drama Series,2019,FALSE
498,Ozark,"Lead Actor, Drama",2019,FALSE
499,This Is Us,"Lead Actor, Drama",2019,FALSE
500,Game of Thrones,"Lead Actor, Drama",2019,FALSE
501,Better Call Saul,"Lead Actor, Drama",2019,FALSE
502,Pose,"Lead Actor, Drama",2019,FALSE
503,This Is Us,"Lead Actor, Drama",2019,FALSE
504,Game of Thrones,"Lead Actress, Drama",2019,FALSE
505,Killing Eve,"Lead Actress, Drama",2019,TRUE
506,How to Get Away With Murder,"Lead Actress, Drama",2019,FALSE
507,Ozark,"Lead Actress, Drama",2019,FALSE
508,This Is Us,"Lead Actress, Drama",2019,FALSE
509,Killing Eve,"Lead Actress, Drama",2019,FALSE
510,House of Cards,"Lead Actress, Drama",2019,FALSE
511,Game of Thrones,"Supporting Actor, Drama",2019,FALSE
512,Better Call Saul,"Supporting Actor, Drama",2019,FALSE
513,Game of Thrones,"Supporting Actor, Drama",2019,FALSE
514,Game of Thrones,"Supporting Actor, Drama",2019,TRUE
515,Better Call Saul,"Supporting Actor, Drama",2019,FALSE
516,House of Cards,"Supporting Actor, Drama",2019,FALSE
517,This Is Us,"Supporting Actor, Drama",2019,FALSE
518,Game of Thrones,"Supporting Actress, Drama",2019,FALSE
519,Ozark,"Supporting Actress, Drama",2019,TRUE
520,Game of Thrones,"Supporting Actress, Drama",2019,FALSE
521,Killing Eve,"Supporting Actress, Drama",2019,FALSE
522,Game of Thrones,"Supporting Actress, Drama",2019,FALSE
523,Game of Thrones,"Supporting Actress, Drama",2019,FALSE
524,Game of Thrones,Directing for a Drama,2019,FALSE
525,Game of Thrones,Directing for a Drama,2019,FALSE
526,Game of Thrones,Directing for a Drama,2019,FALSE
527,Killing Eve,Directing for a Drama,2019,FALSE
528,Ozark,Directing for a Drama,2019,TRUE
529,Succession,Directing for a Drama,2019,FALSE
530,The Handmaid's Tale,Directing for a Drama,2019,FALSE
531,Better Call Saul,Writing for a Drama Series,2019,FALSE
532,Bodyguard,Writing for a Drama Series,2019,FALSE
533,Game of Thrones,Writing for a Drama Series,2019,FALSE
534,Killing Eve,Writing for a Drama Series,2019,FALSE
535,Succession,Writing for a Drama Series,2019,TRUE
536,The Handmaid’s Tale,Writing for a Drama Series,2019,FALSE
537,Barry,Comedy Series,2019,FALSE
538,Fleabag,Comedy Series,2019,TRUE
539,The Good Place,Comedy Series,2019,FALSE
540,The Marvelous Mrs. Maisel,Comedy Series,2019,FALSE
541,Russian Doll,Comedy Series,2019,FALSE
542,Schitt’s Creek,Comedy Series,2019,FALSE
543,Veep,Comedy Series,2019,FALSE
544,Black-ish,"Lead Actor, Comedy",2019,FALSE
545,Black Monday,"Lead Actor, Comedy",2019,FALSE
546,The Good Place,"Lead Actor, Comedy",2019,FALSE
547,The Kominsky Method,"Lead Actor, Comedy",2019,FALSE
548,Barry,"Lead Actor, Comedy",2019,TRUE
549,Schitt’s Creek,"Lead Actor, Comedy",2019,FALSE
550,Dead to Me,"Lead Actress, Comedy",2019,FALSE
551,The Marvelous Mrs. Maisel,"Lead Actress, Comedy",2019,FALSE
552,Veep,"Lead Actress, Comedy",2019,FALSE
553,Russian Doll,"Lead Actress, Comedy",2019,FALSE
554,Schitt’s Creek,"Lead Actress, Comedy",2019,FALSE
555,Fleabag,"Lead Actress, Comedy",2019,TRUE
556,The Kominsky Method,"Supporting Actor, Comedy",2019,FALSE
557,Barry,"Supporting Actor, Comedy",2019,FALSE
558,Veep,"Supporting Actor, Comedy",2019,FALSE
559,Barry,"Supporting Actor, Comedy",2019,FALSE
560,The Marvelous Mrs. Maisel,"Supporting Actor, Comedy",2019,TRUE
561,Barry,"Supporting Actor, Comedy",2019,FALSE
562,The Marvelous Mrs. Maisel,"Supporting Actress, Comedy",2019,FALSE
563,Veep,"Supporting Actress, Comedy",2019,FALSE
564,Fleabag,"Supporting Actress, Comedy",2019,FALSE
565,Fleabag,"Supporting Actress, Comedy",2019,FALSE
566,Glow,"Supporting Actress, Comedy",2019,FALSE
567,Barry,"Supporting Actress, Comedy",2019,FALSE
568,The Marvelous Mrs. Maisel,"Supporting Actress, Comedy",2019,TRUE
569,Saturday Night Live,"Supporting Actress, Comedy",2019,FALSE
570,Barry,Writing for a Comedy Series,2019,FALSE
571,Fleabag,Writing for a Comedy Series,2019,TRUE
572,Pen15,Writing for a Comedy Series,2019,FALSE
573,Russian Doll,Writing for a Comedy Series,2019,FALSE
574,Russian Doll,Writing for a Comedy Series,2019,FALSE
575,The Good Place,Writing for a Comedy Series,2019,FALSE
576,Barry,Directing for a Comedy Series,2019,FALSE
577,Barry,Directing for a Comedy Series,2019,FALSE
578,The Big Bang Theory,Directing for a Comedy Series,2019,FALSE
579,Fleabag,Directing for a Comedy Series,2019,TRUE
580,The Marvelous Mrs. Maisel,Directing for a Comedy Series,2019,FALSE
581,The Marvelous Mrs. Maisel,Directing for a Comedy Series,2019,FALSE
582,Chernobyl,Limited Series,2019,TRUE
583,Escape at Dannemora,Limited Series,2019,FALSE
584,Fosse/Verdon,Limited Series,2019,FALSE
585,Sharp Objects,Limited Series,2019,FALSE
586,When They See Us,Limited Series,2019,FALSE
587,Sharp Objects,"Lead Actress, TV Movie/Limited Series",2019,FALSE
588,Escape at Dannemora,"Lead Actress, TV Movie/Limited Series",2019,FALSE
589,When They See Us,"Lead Actress, TV Movie/Limited Series",2019,FALSE
590,The Act,"Lead Actress, TV Movie/Limited Series",2019,FALSE
591,When They See Us,"Lead Actress, TV Movie/Limited Series",2019,TRUE
592,Fosse/Verdon,"Lead Actress, TV Movie/Limited Series",2019,FALSE
593,True Detective,"Lead Actor, TV Movie/Limited Series",2019,FALSE
594,Escape at Dannemora,"Lead Actor, TV Movie/Limited Series",2019,FALSE
595,A Very English Scandal,"Lead Actor, TV Movie/Limited Series",2019,FALSE
596,Chernobyl,"Lead Actor, TV Movie/Limited Series",2019,FALSE
597,When They See Us,"Lead Actor, TV Movie/Limited Series",2019,FALSE
598,Fosse/Verdon,"Lead Actor, TV Movie/Limited Series",2019,FALSE
599,When They See Us,"Supporting Actor, TV Movie/Limited Series",2019,FALSE
600,Escape at Dannemora,"Supporting Actor, TV Movie/Limited Series",2019,FALSE
601,When They See Us,"Supporting Actor, TV Movie/Limited Series",2019,FALSE
602,Chernobyl,"Supporting Actor, TV Movie/Limited Series",2019,FALSE
603,A Very English Scandal,"Supporting Actor, TV Movie/Limited Series",2019,TRUE
604,When They See Us,"Supporting Actor, TV Movie/Limited Series",2019,FALSE
605,The Act,"Supporting Actress, TV Movie/Limited Series",2019,TRUE
606,When They See Us,"Supporting Actress, TV Movie/Limited Series",2019,FALSE
607,Sharp Objects,"Supporting Actress, TV Movie/Limited Series",2019,FALSE
608,When They See Us,"Supporting Actress, TV Movie/Limited Series",2019,FALSE
609,Fosse/Verdon,"Supporting Actress, TV Movie/Limited Series",2019,FALSE
610,Chernobyl,"Supporting Actress, TV Movie/Limited Series",2019,FALSE
611,A Very English Scandal,Directing for a TV Movie/Limited Series,2019,FALSE
612,Chernobyl,Directing for a TV Movie/Limited Series,2019,TRUE
613,Escape at Dannemora,Directing for a TV Movie/Limited Series,2019,FALSE
614,Fosse/Verdon,Directing for a TV Movie/Limited Series,2019,FALSE
615,Fosse/Verdon,Directing for a TV Movie/Limited Series,2019,FALSE
616,When They See Us,Directing for a TV Movie/Limited Series,2019,FALSE
617,A Very English Scandal,Writing for a TV Movie/Limited Series,2019,FALSE
618,Chernobyl,Writing for a TV Movie/Limited Series,2019,TRUE
619,Escape At Dannemora,Writing for a TV Movie/Limited Series,2019,FALSE
620,Escape At Dannemora,Writing for a TV Movie/Limited Series,2019,FALSE
621,Fosse/Verdon,Writing for a TV Movie/Limited Series,2019,FALSE
622,When They See Us,Writing for a TV Movie/Limited Series,2019,FALSE
623,Black Mirror,TV Movie,2019,TRUE
624,Brexit,TV Movie,2019,FALSE
625,Deadwood: The Movie,TV Movie,2019,FALSE
626,King Lear,TV Movie,2019,FALSE
627,My Dinner With Hervé,TV Movie,2019,FALSE
628,American Ninja Warrior,Reality Competition Series,2019,FALSE
629,Nailed It!,Reality Competition Series,2019,FALSE
630,RuPaul’s Drag Race,Reality Competition Series,2019,TRUE
631,The Amazing Race,Reality Competition Series,2019,FALSE
632,The Voice,Reality Competition Series,2019,FALSE
633,Top Chef,Reality Competition Series,2019,FALSE
634,The Daily Show With Trevor Noah,Variety Talk Series,2019,FALSE
635,Full Frontal with Samantha Bee,Variety Talk Series,2019,FALSE
636,Jimmy Kimmel Live!,Variety Talk Series,2019,FALSE
637,Last Week Tonight With John Oliver,Variety Talk Series,2019,TRUE
638,The Late Late Show With James Corden,Variety Talk Series,2019,FALSE
639,The Late Show With Stephen Colbert,Variety Talk Series,2019,FALSE
640,At Home With Amy Sedaris,Variety Sketch Series,2019,FALSE
641,Documentary Now!,Variety Sketch Series,2019,FALSE
642,Drunk History,Variety Sketch Series,2019,FALSE
643,I Love You America With Sarah Silverman,Variety Sketch Series,2019,FALSE
644,Saturday Night Live,Variety Sketch Series,2019,TRUE
645,Who Is America?,Variety Sketch Series,2019,FALSE
646,Better Call Saul,Drama Series,2020,FALSE
647,The Crown,Drama Series,2020,FALSE
648,The Handmaid’s Tale,Drama Series,2020,FALSE
649,Killing Eve,Drama Series,2020,FALSE
650,The Mandalorian,Drama Series,2020,FALSE
651,Ozark,Drama Series,2020,FALSE
652,Stranger Things,Drama Series,2020,FALSE
653,Succession,Drama Series,2020,TRUE
654,The Crown,"Supporting Actress, Drama",2020,FALSE
655,Big Little Lies,"Supporting Actress, Drama",2020,FALSE
656,Ozark,"Supporting Actress, Drama",2020,TRUE
657,Westworld,"Supporting Actress, Drama",2020,FALSE
658,Killing Eve,"Supporting Actress, Drama",2020,FALSE
659,Succession,"Supporting Actress, Drama",2020,FALSE
660,Big Little Lies,"Supporting Actress, Drama",2020,FALSE
661,The Handmaid’s Tale,"Supporting Actress, Drama",2020,FALSE
662,Succession,"Supporting Actor, Drama",2020,FALSE
663,The Morning Show,"Supporting Actor, Drama",2020,TRUE
664,Succession,"Supporting Actor, Drama",2020,FALSE
665,The Morning Show,"Supporting Actor, Drama",2020,FALSE
666,Better Call Saul,"Supporting Actor, Drama",2020,FALSE
667,Succession,"Supporting Actor, Drama",2020,FALSE
668,The Handmaid’s Tale,"Supporting Actor, Drama",2020,FALSE
669,Westworld,"Supporting Actor, Drama",2020,FALSE
670,The Crown,Directing for a Drama,2020,FALSE
671,The Crown,Directing for a Drama,2020,FALSE
672,Homeland,Directing for a Drama,2020,FALSE
673,The Morning Show,Directing for a Drama,2020,FALSE
674,Ozark,Directing for a Drama,2020,FALSE
675,Ozark,Directing for a Drama,2020,FALSE
676,Succession,Directing for a Drama,2020,TRUE
677,Succession,Directing for a Drama,2020,FALSE
678,Better Call Saul,Writing for a Drama Series,2020,FALSE
679,Better Call Saul,Writing for a Drama Series,2020,FALSE
680,The Crown,Writing for a Drama Series,2020,FALSE
681,Ozark,Writing for a Drama Series,2020,FALSE
682,Ozark,Writing for a Drama Series,2020,FALSE
683,Ozark,Writing for a Drama Series,2020,FALSE
684,Succession,Writing for a Drama Series,2020,TRUE
685,The Morning Show,"Lead Actress, Drama",2020,FALSE
686,The Crown,"Lead Actress, Drama",2020,FALSE
687,Killing Eve,"Lead Actress, Drama",2020,FALSE
688,Ozark,"Lead Actress, Drama",2020,FALSE
689,Killing Eve,"Lead Actress, Drama",2020,FALSE
690,Euphoria,"Lead Actress, Drama",2020,TRUE
691,Ozark,"Lead Actor, Drama",2020,FALSE
692,This Is Us,"Lead Actor, Drama",2020,FALSE
693,The Morning Show,"Lead Actor, Drama",2020,FALSE
694,Succession,"Lead Actor, Drama",2020,FALSE
695,Pose,"Lead Actor, Drama",2020,FALSE
696,Succession,"Lead Actor, Drama",2020,TRUE
697,The Masked Singer,Reality Competition Series,2020,FALSE
698,Nailed It!,Reality Competition Series,2020,FALSE
699,RuPaul’s Drag Race,Reality Competition Series,2020,TRUE
700,Top Chef,Reality Competition Series,2020,FALSE
701,The Voice,Reality Competition Series,2020,FALSE
702,Little Fires Everywhere,Limited Series,2020,FALSE
703,Mrs. America,Limited Series,2020,FALSE
704,Unbelievable,Limited Series,2020,FALSE
705,Unorthodox,Limited Series,2020,FALSE
706,Watchmen,Limited Series,2020,TRUE
707,Mrs. America,"Supporting Actress, TV Movie/Limited Series",2020,TRUE
708,Unbelievable,"Supporting Actress, TV Movie/Limited Series",2020,FALSE
709,Mrs. America,"Supporting Actress, TV Movie/Limited Series",2020,FALSE
710,Watchmen,"Supporting Actress, TV Movie/Limited Series",2020,FALSE
711,Hollywood,"Supporting Actress, TV Movie/Limited Series",2020,FALSE
712,Mrs. America,"Supporting Actress, TV Movie/Limited Series",2020,FALSE
713,Watchmen,"Supporting Actor, TV Movie/Limited Series",2020,TRUE
714,Watchmen,"Supporting Actor, TV Movie/Limited Series",2020,FALSE
715,Unbreakable Kimmy Schmidt: Kimmy vs. the Reverend,"Supporting Actor, TV Movie/Limited Series",2020,FALSE
716,Watchmen,"Supporting Actor, TV Movie/Limited Series",2020,FALSE
717,Hollywood,"Supporting Actor, TV Movie/Limited Series",2020,FALSE
718,Hollywood,"Supporting Actor, TV Movie/Limited Series",2020,FALSE
719,Little Fires Everywhere,Directing for a TV Movie/Limited Series,2020,FALSE
720,Normal People,Directing for a TV Movie/Limited Series,2020,FALSE
721,Unorthodox,Directing for a TV Movie/Limited Series,2020,TRUE
722,Watchmen,Directing for a TV Movie/Limited Series,2020,FALSE
723,Watchmen,Directing for a TV Movie/Limited Series,2020,FALSE
724,Watchmen,Directing for a TV Movie/Limited Series,2020,FALSE
725,Mrs. America,Writing for a TV Movie/Limited Series,2020,FALSE
726,Normal People,Writing for a TV Movie/Limited Series,2020,FALSE
727,Unbelievable,Writing for a TV Movie/Limited Series,2020,FALSE
728,Unorthodox,Writing for a TV Movie/Limited Series,2020,FALSE
729,Watchmen,Writing for a TV Movie/Limited Series,2020,TRUE
730,Watchmen,"Lead Actor, TV Movie/Limited Series",2020,FALSE
731,Bad Education,"Lead Actor, TV Movie/Limited Series",2020,FALSE
732,Normal People,"Lead Actor, TV Movie/Limited Series",2020,FALSE
733,Hollywood,"Lead Actor, TV Movie/Limited Series",2020,FALSE
734,I Know This Much Is True,"Lead Actor, TV Movie/Limited Series",2020,TRUE
735,Mrs. America,"Lead Actress, TV Movie/Limited Series",2020,FALSE
736,Unorthodox,"Lead Actress, TV Movie/Limited Series",2020,FALSE
737,Watchmen,"Lead Actress, TV Movie/Limited Series",2020,TRUE
738,Self Made,"Lead Actress, TV Movie/Limited Series",2020,FALSE
739,Little Fires Everywhere,"Lead Actress, TV Movie/Limited Series",2020,FALSE
740,The Daily Show With Trevor Noah,Variety Talk Series,2020,FALSE
741,Full Frontal with Samantha Bee,Variety Talk Series,2020,FALSE
742,Jimmy Kimmel Live!,Variety Talk Series,2020,FALSE
743,Last Week Tonight With John Oliver,Variety Talk Series,2020,TRUE
744,The Late Show With Stephen Colbert,Variety Talk Series,2020,FALSE
745,Curb Your Enthusiasm,Comedy Series,2020,FALSE
746,Dead to Me,Comedy Series,2020,FALSE
747,The Good Place,Comedy Series,2020,FALSE
748,Insecure,Comedy Series,2020,FALSE
749,The Kominsky Method,Comedy Series,2020,FALSE
750,The Marvelous Mrs. Maisel,Comedy Series,2020,FALSE
751,Schitt’s Creek,Comedy Series,2020,TRUE
752,What We Do in the Shadows,Comedy Series,2020,FALSE
753,The Marvelous Mrs. Maisel,"Supporting Actress, Comedy",2020,FALSE
754,The Good Place,"Supporting Actress, Comedy",2020,FALSE
755,GLOW,"Supporting Actress, Comedy",2020,FALSE
756,The Marvelous Mrs. Maisel,"Supporting Actress, Comedy",2020,FALSE
757,Saturday Night Live,"Supporting Actress, Comedy",2020,FALSE
758,Schitt’s Creek,"Supporting Actress, Comedy",2020,TRUE
759,Insecure,"Supporting Actress, Comedy",2020,FALSE
760,Saturday Night Live,"Supporting Actress, Comedy",2020,FALSE
761,Ramy,"Supporting Actor, Comedy",2020,FALSE
762,The Kominsky Method,"Supporting Actor, Comedy",2020,FALSE
763,Brooklyn Nine-Nine,"Supporting Actor, Comedy",2020,FALSE
764,The Marvelous Mrs. Maisel,"Supporting Actor, Comedy",2020,FALSE
765,The Good Place,"Supporting Actor, Comedy",2020,FALSE
766,Schitt’s Creek,"Supporting Actor, Comedy",2020,TRUE
767,The Marvelous Mrs. Maisel,"Supporting Actor, Comedy",2020,FALSE
768,Saturday Night Live,"Supporting Actor, Comedy",2020,FALSE
769,The Great,Directing for a Comedy Series,2020,FALSE
770,The Marvelous Mrs. Maisel,Directing for a Comedy Series,2020,FALSE
771,The Marvelous Mrs. Maisel,Directing for a Comedy Series,2020,FALSE
772,Modern Family,Directing for a Comedy Series,2020,FALSE
773,Ramy,Directing for a Comedy Series,2020,FALSE
774,Schitt’s Creek,Directing for a Comedy Series,2020,TRUE
775,Will & Grace,Directing for a Comedy Series,2020,FALSE
776,The Good Place,Writing for a Comedy Series,2020,FALSE
777,The Great,Writing for a Comedy Series,2020,FALSE
778,Schitt’s Creek,Writing for a Comedy Series,2020,TRUE
779,Schitt’s Creek,Writing for a Comedy Series,2020,FALSE
780,What We Do In the Shadows,Writing for a Comedy Series,2020,FALSE
781,What We Do In the Shadows,Writing for a Comedy Series,2020,FALSE
782,What We Do In the Shadows,Writing for a Comedy Series,2020,FALSE
783,Black-ish,"Lead Actor, Comedy",2020,FALSE
784,Black Monday,"Lead Actor, Comedy",2020,FALSE
785,The Good Place,"Lead Actor, Comedy",2020,FALSE
786,The Kominsky Method,"Lead Actor, Comedy",2020,FALSE
787,Schitt’s Creek,"Lead Actor, Comedy",2020,TRUE
788,Ramy,"Lead Actor, Comedy",2020,FALSE
789,Dead to Me,"Lead Actress, Comedy",2020,FALSE
790,The Marvelous Mrs. Maisel,"Lead Actress, Comedy",2020,FALSE
791,Dead to Me,"Lead Actress, Comedy",2020,FALSE
792,Schitt’s Creek,"Lead Actress, Comedy",2020,TRUE
793,Insecure,"Lead Actress, Comedy",2020,FALSE
794,Black-ish,"Lead Actress, Comedy",2020,FALSE
